prime;target
CHEAT;FAIL
PICTURE;FRAME
DINER;SUPPER
BREEZEWAY;WALKWAY
MORAL;VALUES
REEF;CORAL
COMPONENTS;PARTS
SNEAK;PREVIEW
PRICELESS;VALUABLE
MEAT;STEAK
NURSE;PATIENT
CONSTRUCTION;BUILD
REVENGE;KILL
HOPELESS;HOMELESS
SIX;SEVEN
THIN;SMALL
DIAMETER;CIRCLE
COMPACT;DISC
CURIOUS;GEORGE
VENT;ANGER
ATTEMPT;MURDER
EARNESTNESS;HONESTY
OBSTACLE;COURSE
SEAM;THREAD
ESSENCE;MEANING
CAUSE;WHY
OKAY;ALRIGHT
BUILDING;TALL
SCHEME;IDEA
ACHIEVEMENT;SUCCESS
FINGER;HAND
COOK;RAW
HEAT;FLORIDA
SAUSAGE;ITALIAN
LID;COVER
HALF;WHOLE
BEDROOM;BATHROOM
EMERGENCY;AMBULANCE
ANTIQUE;FURNITURE
COMMUNICATION;RADIO
DISHONEST;HONEST
UMPIRE;REFEREE
MONTHLY;ANNUALLY
HOOT;OWL
DONATION;GIFT
DIFFICULTY;TROUBLE
EYES;SIGHT
FAN;AIR
HURT;PAIN
SLURP;DRINK
POOR;LONELY
EVICT;APARTMENT
GENEROUS;GIVE
DARING;BRAVE
CROWD;MOB
MEN;WOMEN
HAY;STACK
NIGHTGOWN;SEXY
MIMIC;FAKE
LANGUAGE;ENGLISH
WATERFALL;BEAUTIFUL
SCENERY;VIEW
ADVISE;ADVICE
MEANINGFUL;RELATIONSHI
GULL;FREEDOM
YEARS;AGE
MALL;SHOP
SHAKE;RATTLE
MARCH;APRIL
ARTIST;DRAW
MORTGAGE;RENT
UNDERSTAND;MISUNDERSTA
ROAM;WANDER
CHURCH;RELIGION
TOE;FOOT
SQUEAK;MOUSE
INSTINCT;BASIC
DULL;KNIFE
SUPPOSE;ASSUME
HITCH;TRAILER
CLEANING;DUST
STUDENT;TEACHER
TRAIT;CHARACTERIS
CHROMOSOMES;SEX
SILK;SATIN
OZONE;LAYER
PLUS;MINUS
COLESLAW;CABBAGE
CONNECT;DOTS
TOGETHER;APART
BEAN;GREEN
FAITH;JESUS
DRIP;DROP
GO;LEAVE
BELT;STRAP
DRAPES;CURTAINS
WOOD;LOG
SPAN;WIDE
CURSIVE;WRITING
POWDER;FACE
BACKWARD;MOVEMENT
SELF;ME
FITNESS;HEALTHY
PIOUS;HOLY
BROWN;COLOR
BARREL;PICKLES
SUGAR;COFFEE
QUANTITY;AMOUNT
SLY;FOX
PROOF;EVIDENCE
PUKE;VOMIT
HALT;STOP
MOWER;CUT
HONEY;SWEET
VILLAIN;BAD
SHORE;LINE
BURGLARY;ROBBERY
CREATOR;BUILDER
AWARENESS;ALERT
SOBER;NORMAL
CRAFTS;CLAY
BEAM;SMILE
SLEEVE;SHORT
HOLD;GRASP
TAN;DARK
RANGE;SHOOT
VOLCANO;ERUPT
PLUG;SOCKET
OBTAIN;STEAL
SPEED;FAST
PRINCE;PRINCESS
TERROR;FEAR
DITCH;HOLE
SOCIETY;PEOPLE
CAGE;WIRE
BLUES;BROTHERS
CURE;HELP
OUT;IN
FRUSTRATION;ANXIETY
PATH;FOREST
VISITOR;HOSPITAL
SECRET;DEODORANT
WINDOW;GLASS
OUTDOORS;INDOORS
MAJOR;MINOR
HAVOC;CHAOS
ATTIRE;CLOTHES
VEGETABLE;FOOD
TUXEDO;PROM
ARMY;NAVY
WEAK;WIMP
ALLOW;LET
CRESCENT;MOON
CHART;GRAPH
TRUCE;EVEN
INFERIOR;SUPERIOR
VASELINE;SLIPPERY
BASKET;WEAVE
JOURNEY;TRIP
EARTHQUAKE;HURRICANE
SEW;KNIT
UP;ELEVATOR
SINCE;THEN
MAROON;ABANDON
ROOF;TILE
COPY;MACHINE
TEXT;EXPENSIVE
HAIRSPRAY;STICKY
SHAVE;BEARD
LAWSUIT;LAW
BACK;BEHIND
EXERCISE;SWEAT
APE;JUNGLE
HAIR;SHAMPOO
MONSTER;FRANKENSTEI
KNITTING;GRANDMA
TUMOR;CANCER
GOVERNOR;STATE
ATTORNEY;LAWYER
CALORIES;FEW
RIP;TEAR
BUDGET;PLAN
BOXING;GLOVES
NONE;ZERO
SURGERY;OPERATION
REFLECTION;MIRROR
DRAGON;QUEEN
FILE;CABINET
ILLNESS;SICK
BOIL;POT
HORRIBLE;TERRIBLE
MOVIE;FILM
CORRIDOR;HALL
EIGHT;OCTOPUS
SHELL;CLAM
UNSOLVED;QUESTIONS
LUMP;BUMP
SNACK;ATTACK
ARROW;BOW
SQUARE;BOX
SNEEZE;COUGH
CREAM;MILK
CRITICIZE;ARGUE
INSTANCE;EXAMPLE
GRAFT;TREES
INMATE;PRISON
THOUGHT;TIME
CHALKBOARD;WRITE
EXCHANGE;FOREIGN
CAUTION;DANGER
CLOUD;SKY
PICK;CHOOSE
ARGUMENT;DISAGREEMEN
SHIELD;PROTECTION
ANNIHILATE;DESTROY
FEVER;HIGH
STARCH;BLEACH
CARPENTER;HAMMER
BOUNDARY;FENCE
MASS;CONFUSION
LEAD;ALUMINUM
UNLOAD;LOAD
QUARTER;DIME
SLEIGH;SNOW
REAPPEAR;DISAPPEAR
HOLE;GROUND
POCKET;JEANS
SUMMIT;PEAK
NICKEL;FIVE
CHILD;BABY
PHONE;CALL
FLICK;OFF
LIBEL;LAWSUIT
HIP;BONE
OVER;TURN
WEALTH;NONE
SHOULDER;ARM
COWGIRL;COWBOY
DEADLY;POISON
SHEET;WHITE
ASTEROID;BELT
PUBERTY;ADOLESCENT
FINISHED;DONE
APPROVAL;YES
GRAPH;GEOMETRY
PRODUCT;ITEM
DENIAL;REFUSE
CIRCUMSTANCE;SITUATION
WART;UGLY
STATUE;LIBERTY
CURSE;SWEAR
LAUNDRY;SOAP
ANCIENT;MODERN
AMBULANCE;EMERGENCY
RADISH;VEGETABLE
ANCESTOR;RELATIVE
PHANTOM;MONSTER
ALLIGATOR;RIVER
RIOT;CROWD
MARS;PLANETS
PORTION;SAMPLE
VICE;PRESIDENT
OUTLET;PLUG
AWKWARD;DIFFERENT
OLYMPICS;GOLD
TWISTER;MOVIE
HOW;WHO
ANNUAL;ONCE
ARTS;CRAFTS
METRIC;SYSTEM
ARMS;HUG
SEX;FEMALE
ANNOY;SISTER
BUS;TAXI
COVERED;SHEETS
EXISTENCE;BEING
SUDS;BATH
HARDY;BOYS
ALTO;SOPRANO
MANUFACTURER;MAKER
FLING;FLIRT
FILL;DIRT
UNITED;STATES
ATTRACT;LIKE
SATAN;SILK
SELECTION;CHOICE
WEIGHTS;WORKOUT
HOPE;GLORY
TRAIL;PATH
PORT;SHIP
BINDER;FOLDER
CHICKEN;SOUP
MAKE;DO
BALL;BAT
SHORTCAKE;STRAWBERRY
STRIP;NAKED
CARBON;ATOM
HERB;GARDEN
CHECKING;ACCOUNT
ELF;SANTA
SILLY;CRAZY
EXPRESS;SAY
ENJOY;LIFE
GANDER;GOOSE
WALL;PICTURE
UNCLEAR;FOG
FASCISM;COMMUNISM
EXPRESSION;EMOTION
FLAKE;CORN
STY;SLY
COMPLICATED;SIMPLE
SOCK;SHOE
OBOE;FLUTE
INVALID;WHEELCHAIR
PINT;QUART
CONSCIOUS;AWARE
TEMPER;TANTRUM
CAULIFLOWER;BROCCOLI
KITCHEN;COOK
PARDON;EXCUSE
BOUILLON;SQUARE
UNHAPPY;WORRY
ESTEEM;SELF
BREAST;CHEST
CLEVER;STUPID
LEGAL;ILLEGAL
PLUSH;CARPET
HOBO;BUM
THREAT;SCARE
CRATER;ZIT
TOTAL;ALL
HIKE;WALK
BACKBONE;SPINE
RUMOR;TALK
TACKLE;DEFENSE
CARESS;SOFT
COMPUTE;CALCULATE
DETAIL;SPECIFIC
CLENCH;TIGHTEN
REARRANGE;ORGANIZE
DOWNSTAIRS;UPSTAIRS
FUND;DOLLARS
EAGLE;AMERICA
TAX;GOVERNMENT
APATHY;SYMPATHY
IMPRESSION;ART
IVY;VINE
GRIP;HOLD
BREAKFAST;CEREAL
CLAIM;INSURANCE
FRAUD;CRIME
USUAL;UNUSUAL
STOCK;MARKET
FUSS;WHINE
DEPTH;SHALLOW
VEER;RIGHT
HONEST;TRUTH
BUILDER;CONSTRUCTIO
THICK;THIN
SCRATCH;BITE
SUM;ADD
PLEAD;BEG
TUNNEL;UNDER
FORCE;STRENGTH
HIDDEN;SECRET
PHRASE;SENTENCE
MAILBOX;FLAG
SCOLD;YELL
TANK;WAR
BATHROOM;BEDROOM
METEOR;SHOWER
DISALLOW;ALLOW
CEMETERY;GRAVE
DENSE;COMPACT
JERK;IDIOT
UNJUST;UNFAIR
PEARL;OYSTER
FOX;HOUND
SURROUNDING;AROUND
TESTIFY;CONFESS
BOLOGNA;MEAT
CREATIVE;MIND
SHIVER;SHAKE
BRUISE;KNEE
MAJORITY;MOST
POEM;RHYME
PASSAGE;HALLWAY
UNTRUE;FALSE
PERSONAL;DIARY
WORD;LETTER
BEAT;POUND
TAME;WILD
CATCHER;BASEBALL
ADVENTUROUS;DARING
MAGNET;REFRIGERATO
COMBINATION;MIXTURE
PITY;SHAME
BRITTLE;PEANUT
DISH;PLATE
SURGEON;SURGERY
ALLERGY;SNEEZE
VIOLENT;PURPLE
HIM;HER
LEAGUE;FOOTBALL
ATTEND;GO
WRINKLE;IRON
CREW;TEAM
STAPLER;STAPLE
PLEASE;THANKS
DROP;FALL
WALNUT;CRACK
TUTU;BALLET
REFEREE;SPORTS
INFECTION;DISEASE
ANIMAL;BEAR
CAREFUL;CAUTIOUS
DIVIDE;MULTIPLY
ISOLATED;ROOM
HOTTER;SUMMER
TRIBE;INDIAN
STORAGE;KEEP
MONOTONOUS;BORING
SUBURB;NEIGHBORHOO
MEDIUM;RARE
SPOTLESS;SPOT
PUBLIC;PRIVATE
NOVEL;READ
SAYING;TALKING
REAR;FRONT
YOUTH;YOUNG
LOUNGE;HOTEL
CATTLE;HORSE
DOWNTOWN;BUSY
CHILDREN;KIDS
ABNORMAL;INSANE
POSITION;PLACE
CELERY;CARROT
CREASE;FOLD
GRAB;BAG
FIN;DOLPHIN
IRON;STEEL
HUG;ARMS
DIME;PHONE
MAGNIFY;ENLARGE
SALUTE;PLEDGE
POLISH;SHINE
FLESH;SKIN
UPSTREAM;WATER
HERD;BUFFALO
THUNDER;LIGHTNING
ITCH;SCRATCH
LOYALTY;HUSBAND
END;START
RELATIVE;AUNT
NERVE;NEURON
COKE;PEPSI
OWNER;SELLER
ROTTEN;SPOILED
DEPEND;INDEPENDENT
EXIST;EXTINCT
FORGIVE;ACCEPT
SLOB;MESSY
BROCCOLI;SPINACH
JUVENILE;IMMATURE
PATIENCE;VIRTUE
RESEARCH;PAPER
DEVELOPMENT;GROWTH
NORM;AVERAGE
MATERIAL;OBJECT
DRESSING;SALAD
GLANDS;NECK
MAGGOT;WORM
DEVELOP;GROW
HAMMOCK;SWING
TYPE;KIND
BUBBLE;GUM
QUACK;DUCK
HOME;FAMILY
WHERE;WHEN
RESPONSIBLE;DEPENDABLE
IRRITATING;ANNOYING
NOW;LATER
CRACK;COCAINE
CEMENT;CONCRETE
CONTEST;WINNER
TREAD;FLOAT
PHASE;STAGE
GIRLFRIEND;BOYFRIEND
FASHION;FAD
RUNG;LADDER
SUFFOCATE;DIE
CROPS;HARVEST
HERE;THERE
ABOVE;BELOW
GRASS;LAWN
SWEATER;JACKET
DANDRUFF;FLAKES
MONEY;CASH
PITCHER;TEA
DIFFER;SIMILAR
NUCLEAR;BOMB
MISSILE;ROCKET
PHYSIOLOGY;BODY
EMOTION;FEELING
PIE;APPLE
PROUD;ARROGANT
UNDER;AUSTRALIA
HAT;HEAD
PAIR;TWO
LONDON;ENGLAND
UNIT;PART
RECORD;LISTEN
ACCOUNT;FOR
BRUNETTE;BLONDE
HAYSTACK;COW
LEDGE;CLIFF
ALPHABET;LETTERS
LOOSE;TIGHT
YES;POSITIVE
TASTY;TREAT
ADORABLE;CUTE
STOMACH;ACHE
LIBERAL;CONSERVATIV
WEATHER;CLIMATE
VICTOR;LOSER
COUGAR;LION
HUSK;ELEPHANT
DIFFERENCE;SUBTRACT
REMIND;REMEMBER
TICKET;CONCERT
CHIME;BELL
GROCERY;STORE
WINGS;BIRD
SAINT;ANGEL
TRAIN;STATION
GEOMETRY;SHAPE
EUROPE;ASIA
SOUP;VEGETABLES
ICE;PICK
TOW;CARRY
WICKER;BASKET
CAMEL;EGYPT
FOLLY;MISTAKE
BLUR;VISION
MEND;BREAK
RADIATOR;WARM
PICKLE;DILL
COOLER;WINE
STOVE;KITCHEN
INTROVERT;EXTROVERT
POND;LAKE
AROUND;WORLD
BULLETIN;BOARD
ENRAGE;CALM
GALLOP;RUN
MIDDLE;CENTER
COMPASS;DIRECTION
BARGAIN;SALE
FALL;SPRING
SNUGGLE;CUDDLE
SLING;SHOT
MORSE;CODE
FAMINE;HUNGER
HOUND;BLOOD
SWORD;KNIGHT
BIKE;RIDE
CONSTITUTION;RIGHTS
BATH;TOWEL
WAIST;HIP
CLOSE;NEAR
WIFE;MARRY
OBSCURE;UNCLEAR
SWIMMER;JOGGER
ASLEEP;AWAKE
CRITERION;SCHEDULE
PIN;SHARP
WEEK;YEAR
SENTENCE;PERIOD
CEREMONY;GRADUATION
WHITE;BLACK
HANGER;COAT
SALT;PEPPER
QUILT;BLANKET
CAR;AUTO
LAST;CHANCE
CHOICE;DECISION
CHEMIST;SCIENTIST
CHEMISTRY;SCIENCE
GUITAR;STRING
CYCLONE;TORNADO
SHEARS;SCISSORS
SOLID;STRIPE
HUT;STRAW
PRIDE;PREJUDICE
CHORUS;SONG
STILL;QUIET
POLICEMAN;COP
WET;DRY
BONE;CHICKEN
GOOD;BETTER
CAVITY;CAVE
NETWORK;NEWS
REMAIN;STAY
CREATURE;DINOSAUR
BRANCH;LEAF
FURRY;RABBIT
DILIGENCE;TRY
LITTER;CATS
ENGINE;FIRE
CUP;SAUCER
WAGON;TOY
CELLAR;ATTIC
SNOB;BITCH
VIOLENCE;GUN
LEARN;TEACH
CHIPS;POTATO
BARBECUE;RIBS
INJECTION;NEEDLE
BURIAL;DEATH
STYLE;PERSONALITY
WIN;LOSE
SPANISH;LANGUAGE
PASTURE;GRASS
DAILY;MONTHLY
CHANCE;LUCK
PLAQUE;TROPHY
GHETTO;POOR
RECKLESS;DRIVING
OVERFLOW;SPILL
SOFTBALL;GIRLS
DIG;SHOVEL
PROSE;POETRY
APPEAL;LOOKS
LOAN;SHARK
PROM;FUN
BLAME;ACCUSE
TRIUMPH;WIN
BOG;HOG
ERUPT;ORGASM
ASH;ASHTRAY
COLUMN;NEWSPAPER
TROPICAL;STORM
INTRODUCE;MEET
BANJO;GUITAR
PASTRY;DOUGHNUT
EXTRAVAGANT;RICH
DISBELIEF;ALIVE
SOFA;BED
HEAVY;WEIGHT
RODENT;BUG
FORBIDDEN;ZONE
DETERMINE;DECIDE
PADDY;WAGON
DISORDER;ORDER
MAGAZINE;BOOK
HEADING;TITLE
SEASONING;SALT
ROAST;BEEF
PRO;CON
MINUTE;SECOND
GHOUL;GHOST
BEAUTY;BEAST
DRIVEWAY;PAVEMENT
BULLOCK;ACTRESS
INITIAL;NAME
BLOCKS;CHILDREN
FRIENDSHIP;ENEMY
SHORTS;LEGS
VIVID;CLEAR
REPLY;SPEAK
DEPUTY;ASSISTANT
AMBITION;GOAL
SUBJECT;CLASS
SURFACE;TOP
DEMI;GOD
CONTRACT;AGREEMENT
PISSED;MAD
SCREW;DRIVER
BUGLE;HORN
RETREAT;BACK
TACK;NAIL
LIQUID;WET
STRIPES;SHIRT
SEMESTER;HOURS
SEDATIVE;PILL
EGYPT;PYRAMID
ABSURD;RIDICULOUS
DARKNESS;SCARED
SKIP;JUMP
BULLET;PROOF
FUNGI;BIOLOGY
NOTICE;SEE
AWE;WONDER
ORCHESTRA;VIOLIN
HAWAII;HULA
FROG;PRINCE
FOUNDATION;BASE
CONTINENT;AFRICA
FLY;AIRPLANE
GROUNDS;KEEPER
EXCEPTIONAL;GREAT
PADDLE;PUNISHMENT
CAPACITY;FULL
PETROLEUM;CAR
LONELY;ALONE
FLUID;WASHER
CANAL;STREAM
LICE;DIRTY
RUBBER;BAND
FAMOUS;ARTIST
CHAPEL;PRIEST
PRAYER;HANDS
SHELF;DESK
FIGURE;EIGHT
GRAVITY;NEWTON
CONGRESS;SENATE
ANNOYING;IRRITATING
LIT;ON
DIVISION;SEPARATE
ORDINARY;PLAIN
LEADER;FOLLOWER
PERCH;BRANCH
SPONGE;OCEAN
AIM;TOOTHPASTE
PANTS;WEAR
ROOSTER;FARM
MATE;WIFE
ORIGINATE;BEGIN
COZY;COMFORTABLE
ROACH;MOTEL
FOREHEAD;HAIR
ARIGHT;OKAY
MASON;WORKER
DEFEND;PROTECT
ATTENDANCE;PRESENT
SHRIMP;LOBSTER
SLUM;CITY
VICTIM;MURDERER
LISTEN;HEAR
CORPORAL;ARMY
YOLK;EGG
HANDLE;CARE
MEASUREMENT;RULER
MESSAGE;NOTE
GUARDIAN;PARENT
DART;THROW
THIMBLE;THUMB
DINE;OUT
SUB;SANDWICH
SHEEP;WOOL
GYMNAST;TUMBLE
SIBLING;BROTHER
MELLOW;YELLOW
SPRAIN;ANKLE
POCKETBOOK;PURSE
WIDE;NARROW
LEAK;DRIP
OXYGEN;BREATHE
SAVIOR;TASTE
MAPLE;SUGAR
PLUTO;DOG
DISASTER;EARTHQUAKE
HELIUM;BALLOON
LEOPARD;TIGER
ENVY;GREED
ADDICT;DEPENDENT
REPUBLIC;COUNTRY
BURST;BUBBLE
BLEND;MIX
TULIP;FLOWER
SAPPHIRE;BLUE
PARADISE;ISLAND
BENT;CROOKED
WOMEN;MEN
ACCEPT;UNDERSTAND
MARSH;SWAMP
NAUSEOUS;STOMACH
MONDAY;TUESDAY
TRY;ATTEMPT
LIPS;KISS
PAIN;HEADACHE
SWAP;TRADE
INNOCENT;VIRGIN
FURTHER;AWAY
SEAT;TABLE
FINGERS;TOES
MEANING;DEFINITION
TENSION;STRESS
WED;THURSDAY
INTERIOR;INFERIOR
UNIFORM;NURSE
RITUAL;CEREMONY
PIT;HELL
JELLO;MOLD
GLIDE;SLIDE
BALCONY;LEDGE
PREMISES;PROPERTY
THRONE;KING
LOG;CABIN
WAREHOUSE;STORAGE
NORMAL;ABNORMAL
TARZAN;JANE
GAG;PUKE
SAUCER;CUP
BALLOT;ELECT
TELLER;BANK
NOON;LUNCH
GRIEF;TEARS
ROW;EGGS
IMPORTANT;MAJOR
BUTTON;PUSH
MEDIEVAL;ARMOR
PORCH;MONKEY
LIVE;HAPPY
SUBSTANCE;CHEMISTRY
EXCITED;BORED
ONION;HAMBURGER
RAINY;WEATHER
CONVINCE;PERSUADE
OUCH;HURT
TOY;DOLL
KEYS;CHAIN
RIDE;BICYCLE
CREDIT;CARD
RIGHTEOUSNESS;GOOD
PALE;TAN
CAPTURE;KIDNAP
SWAN;DIVE
ENERGY;ELECTRICITY
LOAD;HEAVY
BUMPS;GOOSE
DRILL;BIT
KINETIC;ENERGY
PILLOW;BLANKET
DELINQUENT;JUVENILE
HIKING;BOOTS
TODAY;TUESDAY
VULNERABLE;WEAK
EXPERIMENT;SCIENTIST
HEALTH;CARE
GRADUATE;STUDENT
CRAYOLA;CRAYON
BORING;DULL
WHEEL;WAGON
CAMP;GROUND
OPTIMISTIC;VIEW
KITTEN;CUTE
PEN;PENCIL
CASE;COURT
GENTLEMAN;LADY
REAL;PEOPLE
CONE;CUP
NEGOTIATION;AGREEMENT
TUNA;SANDWICH
REPENTANCE;FORGIVE
ANGEL;HEAVEN
LETTUCE;TOMATO
OBJECTIVE;COURSE
SEATBELT;PROTECTION
SORORITY;WOMEN
LAWYER;LAWSUIT
CLICK;MOUSE
STRAND;STRING
CAPE;CORAL
AUNT;UNCLE
MOVE;STAY
PART;WHOLE
DRAG;RACE
STABLE;OKAY
MANNER;WAY
BELL;LIBERTY
ZIT;PIMPLE
LUMBER;BUILD
CHRISTMAS;SANTA
SMOKY;MOUNTAINS
COBWEB;SPIDER
BOUND;TIE
SWING;PARK
LETTER;NOTE
DEFROST;THAW
UNCONSCIOUS;ASLEEP
CLOCKWISE;DIRECTION
CONCENTRATE;WANDER
GUEST;RELATIVE
ISSUE;MAGAZINE
BANANA;FRUIT
TEENAGER;ADOLESCENT
ACT;PLAY
DISCIPLINE;STRICT
VACANCY;EMPTY
OVERVIEW;PREVIEW
ASSIGNMENT;HOMEWORK
WAIT;PATIENCE
GLASSES;FRAME
CLIFF;LEDGE
ENOUGH;DONE
REMOVER;NAIL
RELATIVITY;THEORY
SADDLE;RIDE
SPOTS;DOTS
CONFLICT;FIGHT
CONDEMN;ACCUSE
TOENAIL;CLIPPER
COYOTE;WOLF
PROMISE;BROKEN
LAGOON;SWAMP
SQUAD;POLICE
COTTON;WOOL
CROCODILE;ALLIGATOR
TRUNK;STORAGE
SUBTLE;HINT
COLT;GUN
BLINDS;CURTAINS
SEASHORE;SHELL
NOMAD;HOMELESS
ACCOMPLISHED;FINISHED
HEAD;ACHE
AGAIN;REPEAT
CATASTROPHE;TORNADO
MUTTON;LAMB
ANTLERS;DEER
TOP;COVER
REPUBLICAN;CONSERVATIV
TRAUMA;SHOCK
GEORGE;WASHINGTON
CLOSING;OPENING
YARN;WEAVE
ENGLISH;WRITING
GANG;GROUP
WASTE;BASKET
DELICATE;FRAGILE
UNSEEN;HIDDEN
CUSHION;COUCH
REEL;FILM
GIRL;BOY
LAPEL;COLLAR
EFFECT;CAUSE
LUNG;CANCER
NYLON;HOSE
HE;SHE
FUNGUS;GROWTH
ALWAYS;FOREVER
ENDLESS;CLASS
STUMBLE;TRIP
NAME;TITLE
OFFICER;NAVY
ENTERTAIN;AMUSE
CRANE;CONSTRUCTIO
THROAT;COUGH
SODA;PEPSI
FLAT;TIRE
TENSE;SITUATION
PRAISE;GLORY
DAWN;DUSK
FORTUNE;POOR
DEMON;DEVIL
CHUNK;PIECE
BURGLAR;ROBBERY
DENY;REFUSE
PLAYING;KIDS
MINK;FOX
TIGHT;LOOSE
NOTIFY;ALERT
INTOXICATE;POISON
SHOP;KEEPER
NONSENSE;RIDICULOUS
AIRPLANE;FLY
LABEL;TAG
BUFFALO;PLAIN
FATHER;MOTHER
POLE;VAULT
SORRY;APOLOGY
POET;WRITER
VARIETY;MANY
MASSAGE;RELAX
DUNK;BASKETBALL
NAP;SLEEP
SOW;PIG
BOLD;DARING
BEAVER;DAM
BRAND;KIND
THRESHOLD;MARRIAGE
GRAIN;WHEAT
REFRAIN;TALKING
LASH;HURT
EXCELLENT;SUPERIOR
DIMINISH;LESSON
AGENCY;COMPANY
SKI;JUMP
GARBAGE;TRASH
WARNING;STOP
DATA;BASE
CAUTIOUS;CAREFUL
TORN;HOLE
LEGISLATURE;SENATE
INFLUENCE;PERSUADE
CASTLE;SAND
LIMOUSINE;PROM
FACULTY;STAFF
NOTHING;SOMETHING
UNDERWEAR;BRA
PANEL;WOOD
TEAM;BASEBALL
PRICE;AMOUNT
LAY;DOWN
STRAIGHT;NARROW
HUNGRY;FULL
TRAITOR;LIAR
FIELD;CORN
NOUN;VERB
CALL;YELL
STORM;LIGHTNING
SOCKET;PLUG
DRACULA;FRANKENSTEI
SCOTCH;TAPE
GREEK;FRATERNITY
VAIN;CONCEITED
NOVICE;BEGINNER
BRAKE;GO
SMASH;GLASS
KEYBOARD;PIANO
TILL;THEN
CENTER;MIDDLE
KEY;LOCK
FOLD;TEAR
VISION;SEE
WALLET;MONEY
ADVANCE;FORWARD
CROOK;THIEF
INQUIRE;ASK
DECAY;ROT
FIVE;SIX
POOL;HALL
CRYSTAL;CLEAR
SECURE;SAFE
REACH;GRASP
SCALPEL;OPERATION
ROMAN;EMPIRE
DILEMMA;DECISION
CLOAK;DAGGER
ADVERTISEMENT;NEWSPAPER
LOTS;LITTLE
SECURITY;TIGHT
STOLEN;PROPERTY
CURVE;STRAIGHT
SURROUNDINGS;ENVIRONMENT
BEAUTIFUL;PRETTY
SICKLE;CELL
CENTRAL;CENTER
AUTUMN;SPRING
HARVEST;CROPS
SIREN;EMERGENCY
GRADUATION;CEREMONY
MENTAL;HEALTH
DISSOLVE;SALT
INVENT;CREATE
PARTY;NAKED
PRODUCER;MAKER
EXTINCT;BASIC
SOUTHERN;STATES
CRAFT;TRADE
MASTERY;SKILL
BAGEL;SHOP
ENTERTAINMENT;TELEVISION
SKINNY;FAT
BRAVADO;GREAT
SOUND;NOISE
CONSCIENCE;AWAKE
SPREAD;APART
DECEPTION;HONESTY
WELCOME;HOME
EXPENSIVE;CHEAP
SHOW;TELL
SOMETHING;GOOD
VIOLIN;BOW
DECIDE;CHOICE
PAGE;CALL
MATURE;AGE
BANKER;BANK
BIBLE;HOLY
HAPPENING;NOW
OPENER;CAN
SEE;HEAR
RUSSIA;COMMUNIST
GUESS;QUESTION
SIDEWALK;WALKWAY
SECTION;EIGHT
RING;BELL
WEAVE;SEW
TRUCK;DRIVER
CEREAL;BREAKFAST
GOOSE;GANDER
CORPORATION;BUSINESS
REBEL;WILD
FLU;SNEEZE
SNAP;CRACKLE
POST;OFFICE
LOUD;PAIN
SCIENTIST;SCIENCE
PLAYGROUND;SLIDE
DRUG;COCAINE
COMMANDER;CHIEF
MUG;BEER
LASTING;LONG
FIGHT;FIST
CHESS;KING
SPLINTER;FOOT
BEGINNER;NOVICE
STEAL;BEG
SPOILED;ROTTEN
LENS;GLASSES
DUMP;GARBAGE
SNOT;NOSE
POPE;GOD
HUNGER;AFRICA
ROCKET;SKY
LOVING;CARING
WHEN;WHERE
SUMMER;WINTER
WRAP;AROUND
PENNY;DIME
FAVORITE;BEST
LAB;EXPERIMENT
LATE;EARLY
APPRAISE;VALUE
CERAMICS;CRAFTS
COUGH;COLD
PERSUADE;CON
INSECURE;SECURE
FADE;JEANS
ELABORATE;EXPLAIN
DISTANCE;FAR
MEADOW;FIELD
TENOR;SOPRANO
NUMBER;ONE
MOUNTAIN;TOP
BUY;SELL
ANXIETY;NERVOUS
COMPUTER;DISC
ENTRANCE;EXIT
ALCOHOL;DRINK
WOODS;DARK
EASTER;SUNDAY
JESUS;CHRIST
VICTORY;WINNER
DISCREET;CAUTIOUS
QUIZ;TEST
PLATES;DISHES
HINGE;SWING
LEGEND;STORY
PERMIT;LET
LICENSE;DRIVING
BREAKABLE;ITEM
CANDY;GUM
ACTRESS;ACTOR
PIECE;PIE
GREET;MEET
FANCY;LIKE
DISCOURAGE;ENCOURAGE
GOO;STICKY
TANGERINE;ORANGE
PRIVATE;PUBLIC
RACKET;TENNIS
ANTLER;HORN
SCOOP;SHOVEL
INTOXICATED;DRUNK
HONEYMOON;WEDDING
RUNNING;SWEAT
ANTIDOTE;CURE
PREPARE;READY
FUEL;GAS
VIKING;PRINCESS
FASTEN;SEATBELT
CLEANER;MAID
SCREAM;FEAR
HANDSOME;BOYFRIEND
ROPE;LADDER
LAP;SIT
FOG;MIST
EXPLODE;ERUPT
STEW;SOUP
FOREVER;ALWAYS
GRACE;AUNT
INSANE;MAD
LICK;TONGUE
SWATTER;BAT
HANDS;FEET
GONE;LEFT
WORST;TERRIBLE
DISBELIEVE;BELIEVE
CASUAL;COMFORTABLE
OATH;PROMISE
TERM;DEFINITION
SURVIVE;LIVE
STRAIN;BACK
FRIGHT;GHOST
TAG;GRAB
SCAPEGOAT;BLAME
CITY;STATE
SLOPE;SKI
COMPOUND;MIXTURE
COURT;JUDGE
SUNSET;MOON
PEDAL;BIKE
APOLOGY;MISTAKE
STRONG;ARM
INDUSTRY;STEEL
VILLAGE;TOWN
COMPASSION;SYMPATHY
MUTE;DEAF
TANGY;TART
DANDELION;YELLOW
SHALLOW;DEEP
GRANT;ALLOW
ODD;UNUSUAL
DISAGREEMENT;ARGUMENT
RUSH;HURRY
FIT;TANTRUM
CHINA;DISH
ELEPHANT;PEANUT
HIDE;SEEK
ATTRACTIVE;FEMALE
OLD;NEW
ELIMINATION;DESTRUCTION
LEADERSHIP;FOLLOWER
FESTIVAL;STRAWBERRY
BOXER;GLOVES
COSTUME;CLOTHES
QUEST;JOURNEY
MEASURE;CALCULATE
MOTIONLESS;STILL
GRAVE;DIE
ASSISTANT;HELPER
IRREGULAR;ABNORMAL
INVENTOR;CREATOR
JAZZ;BALLET
DEPARTMENT;HEAD
GIN;TONIC
ANTEATER;ANT
OUTCOME;END
FAUCET;DRIP
ETIQUETTE;MANNERS
DIRT;MUD
BOOKBAG;PURSE
LUNCH;DINNER
GUILT;BAD
LIVER;ONION
SWEET;SOUR
POSITIVE;NEGATIVE
DIAGRAM;GRAPH
SALTINE;CRACKER
BOX;SHOE
LEAF;FLOWER
BOYFRIEND;GIRLFRIEND
NEW;SHINE
PUSHY;ANNOYING
SEEM;APPEAR
OBNOXIOUS;IRRITATING
MEDICINE;CABINET
STENCH;SMELL
AGE;OLD
LOSS;GAIN
SCARE;FRIGHT
MOONLIGHT;NIGHT
ASIA;MINOR
PRANK;JOKE
MAP;COUNTRY
INTENT;PURPOSE
WIT;SMART
PERIOD;SENTENCE
REALITY;FANTASY
FORMULA;SECRET
FEEBLE;ATTEMPT
DRIVE;IN
HARSH;MEAN
TOUCH;FEEL
DISCOVERY;FIND
HUSTLE;FAST
PEROXIDE;BLONDE
CARELESS;MESSY
SUBTRACT;MULTIPLY
DESCENT;BELOW
PLATFORM;STAGE
PERCENT;HUNDRED
DECISION;DECIDE
TRAMP;SLUT
POTATO;SALAD
DISTINCT;SPECIFIC
PRESENCE;THERE
SUCCESS;FAILURE
ABDOMEN;BODY
BELIEVE;FAITH
STAND;FALL
FOAM;SHAVE
ATTIC;UPSTAIRS
PIKE;PEAK
MYSTERY;NOVEL
CONSTRUCT;DESTROY
CAP;HAT
BELLY;SCRATCH
BOW;ARROW
DRUGS;ILLEGAL
SCRAMBLED;LETTERS
WHY;WHEN
JAW;MOUTH
RAP;RHYME
PRISONER;JAIL
BOWLING;BALL
WELL;SICK
LET;DO
SAUCE;APPLE
KNAPSACK;BACKPACK
IMMEDIATE;LATER
LESS;ZERO
DIGNITY;PRIDE
PEPPERONI;PIZZA
TERRIBLE;TWO
STALL;HOLD
CORNBEEF;BEEF
COLLEGE;SCHOOL
SHRUB;BUSH
EXPLAIN;EXCUSE
CAPABILITY;ABILITY
BRACES;YOUNG
ALTER;CHANGE
SMOOTH;SKIN
COLD;SNOW
SOLO;SELF
MANNERS;POLITE
FAIL;PASS
SYSTEM;COMPUTER
AFFAIR;CHEAT
OBSERVE;WATCH
CANVASS;PAINTING
REFRESHING;COOL
HONESTY;VIRTUE
SONG;SING
BEING;HUMAN
APART;ALONE
RICH;LUCK
CYLINDER;ROUND
EVEN;ODD
WITCH;HALLOWEEN
UMBRELLA;RAIN
CORRECT;WRONG
SYMPATHY;SORROW
INSIDE;INDOORS
COAST;BEACH
FAITHFUL;RELATIONSHI
STADIUM;CONCERT
LIST;GROCERIES
SPINACH;CABBAGE
CHEAP;SALE
MOTOR;AUTO
CONCLUSION;ENDING
SLACKS;PANTS
FOOL;APRIL
SHRINE;TEMPLE
MEDIOCRE;ALRIGHT
BEST;WORST
PERISH;DISAPPEAR
DETECTIVE;PRIVATE
STEPS;STAIRS
PICNIC;LUNCH
GAME;WIN
SIP;STRAW
FRAIL;THIN
GULP;SWALLOW
DIM;LIGHT
WALKWAY;PATH
SUPERVISOR;TEACHER
CORK;BOARD
LEAVE;COME
WISDOM;OWL
DOORBELL;RING
ROOMMATE;BITCH
EQUAL;RIGHTS
DISPERSE;SPREAD
BUCK;DOLLAR
FUGITIVE;CRIMINAL
SPREE;SHOPPING
COOKBOOK;RECIPE
SEPARATE;DIVIDE
MAILMAN;MAIL
CRAVE;HUNGER
VACUUM;CLEANER
MINTS;GREEN
IGLOO;ICE
GUILTY;INNOCENT
AGREE;DISAGREE
DRUNK;ALCOHOL
DOZEN;TWELVE
MAXIMUM;MINIMUM
HUMILIATE;EMBARRASS
HILL;MOUNTAIN
KILOMETER;MILE
SALES;STORE
SOLUTION;PROBLEM
ASSOCIATE;PARTNER
TOAD;FROG
DOE;JANE
SIGN;LANGUAGE
KIDNEY;BEAN
SOOT;BLACK
COCOON;BUTTERFLY
MARINES;MEN
CLIPPERS;SCISSORS
MOTORCYCLE;DANGER
PROPRIETOR;OWNER
FROSTING;CAKE
PATIENT;NURSE
EARLY;BIRD
OTTER;LAKE
SPIN;CIRCLE
ILL;HEALTHY
SPARE;PARTS
CONVENT;NUN
MICE;RAT
BIRDS;CATS
FORT;ARMY
SHOOT;SHOT
SOAP;BUBBLE
SHARP;POINT
KIDNAP;BABY
MISS;HIT
DISPLAY;SHOW
FORGET;LOSE
GOAL;ACHIEVE
SUNNY;CLOUDY
ACCUMULATE;GATHER
BEFORE;AFTER
VINE;WINE
TEMPERATURE;CLIMATE
JEWEL;DIAMOND
SLIMY;GOO
CONTENT;BOOK
BRAVE;INDIAN
PREFER;CHOOSE
STREET;ROAD
CAPTION;CLOSED
POSTAGE;STAMP
SPICY;PEPPER
VEAL;STEAK
OUTGOING;EXTROVERT
RETURN;GIVE
INABILITY;CAN'T
DAMN;IT
HYDROGEN;OXYGEN
BADGE;COP
BOWL;PLATE
CRADLE;CUDDLE
DRUM;STICK
EMPLOYEE;EMPLOYER
LEG;WALK
TASK;JOB
CARPET;RUG
CELSIUS;TEMPERATURE
BLUFF;CLIFF
FIRE;HOT
REMOVE;TAKE
PLIERS;TOOL
UPTIGHT;TENSE
INFLATION;BALLOON
SICK;ILL
ASHES;ASHTRAY
MINE;YOURS
INCREASE;ENLARGE
BORROW;LEND
EMPEROR;RULER
DISLIKE;HATE
SHINGLE;ROOF
SYMPHONY;BORING
MONGOOSE;DUCK
RATIONALIZE;THINK
AMP;ELECTRICITY
GROSS;DISGUSTING
DESIGNER;NAME
MEAN;UGLY
GRIND;BUMP
GALLON;QUART
BEARD;MUSTACHE
STARVING;HUNGRY
MORE;LESS
TURNIP;CARROT
ROD;REEL
NOTEBOOK;FOLDER
SAFE;PROTECT
BURY;BONE
TUPPERWARE;PLASTIC
MEETING;CONFERENCE
SPIDER;WEB
OODLES;NOODLES
ROYAL;ENGLAND
LATCH;KEY
HOSTESS;RESTAURANT
UNEQUAL;UNFAIR
JUGGLER;CIRCUS
PROTEIN;EGG
ATLAS;MAP
COMPETITION;SPORT
INLET;ISLAND
HEAL;WOUND
TROMBONE;BAND
TRACE;EVIDENCE
WRIST;ANKLE
SHE;HER
PAPERCLIP;STAPLE
GAL;GIRL
BAIT;WORM
SYNOPSIS;SUMMARY
DEMOCRACY;COMMUNISM
GLORY;DAYS
GLASS;WINDOW
BASE;GUITAR
ANTELOPE;BEAST
SHRINK;GROW
DOLL;HOUSE
PHONY;FALSE
GOODNESS;SWEET
GRAY;HOUND
INNOCENCE;GUILTY
JEALOUSY;FEELING
CULTURE;SOCIETY
OINTMENT;MEDICINE
SQUINT;EYE
TUESDAY;WEDNESDAY
MILLION;RICH
RESPECT;PARENT
NAPKIN;FOLD
IMAGE;MIRROR
CAREER;GOAL
NAUSEA;VOMIT
EVERYDAY;DAILY
DEGREE;COLLEGE
QUILL;PEN
ANARCHY;CHAOS
HIVE;BEE
PROCESS;SYSTEM
FLEA;MARKET
PROFESSIONAL;LAWYER
KNIFE;FORK
ACCOMPLISH;FINISH
COMPLIMENT;THANKS
MOP;FLOOR
PARCEL;PACKAGE
ARCHITECT;BUILDING
SALAD;LETTUCE
DOUGH;DOUGHNUT
CHECK;CASH
PRUNE;JUICE
APATHETIC;SYMPATHETIC
ESTIMATE;AVERAGE
MAMMAL;WHALE
PEOPLE;PLACE
SPLIT;SECOND
SPOT;STAIN
RHYTHM;BEAT
BELOW;ABOVE
ROCK;STONE
FRATERNITY;SORORITY
TOURIST;CAMERA
ALBUM;RECORD
PUT;AWAY
BURDEN;LOAD
MEMORIAL;SERVICE
SHOCK;ELECTRIC
FEED;EAT
TEMPLE;CHURCH
BOUQUET;FLOWERS
SPAGHETTI;SAUCE
FAKE;REAL
COMMA;ENGLISH
BOY;GEORGE
COOL;AIR
ATTENTION;SPAN
LAUGH;CRY
PROFESSOR;TEACH
NUMBERS;ADD
EVER;NEVER
CACTUS;SPINE
HELMET;MOTORCYCLE
FRIENDLINESS;NICE
ROUGH;SMOOTH
DELICIOUS;TASTY
CABBAGE;VEGETABLE
OPENING;CLOSING
SUPER;ME
SNAKE;RATTLE
FREEZER;REFRIGERATO
UNTRUTHFUL;TRUTH
COVER;LID
JOINT;ACCOUNT
HUSKY;BOYS
SHEETS;SATIN
PLAZA;MALL
ETHICS;CODE
CANYON;GRAND
CHARM;BRACELET
STAMP;CARD
HAVE;OWN
FILTHY;BUM
RIDER;COWBOY
ORIENT;ASIA
FRIDAY;WEEKEND
THIRSTY;DRY
SOLDIER;BRAVE
PLATE;SAUCER
VEGETABLES;BROCCOLI
FAD;FASHION
START;BEGIN
TOUCHDOWN;SEVEN
ADJECTIVE;BLUE
HARP;ANGEL
BRICK;LAYER
THIGH;HIP
GUMS;TEETH
OBLIGATION;DUTY
KID;CHILD
CRISIS;STRESS
EVACUATE;EARTHQUAKE
HISTORY;WAR
RESCUE;AMBULANCE
ABILITY;CAPABILITY
THRIFT;SAVE
DICE;GAME
QUALITY;CHARACTERIS
MAGICIAN;MAGIC
MUMMY;DAD
SPILL;DROP
VENUS;PLANET
SIGHT;VISION
CORAL;REEF
SALE;BARGAIN
DEMOCRAT;REPUBLICAN
GALAXY;PLANETS
TITLE;INSURANCE
POLYESTER;COTTON
FELT;HAND
LIME;LEMON
ROMANCE;KISS
LOST;FOUND
COFFIN;DEATH
BRAVERY;SCARE
BILLBOARD;SIGN
GOURMET;COOK
DOORWAY;HALLWAY
LITERATURE;POETRY
TREATMENT;DISEASE
SPHINX;PYRAMID
NEGATIVE;MINUS
MATCH;MIX
POP;SODA
FRILL;LACE
HIKER;HITCHHIKE
GENE;POOL
INDOORS;OUTDOORS
CUSTARD;PUDDING
HYPER;ACTIVE
PHYSICIAN;NEEDLE
SHAME;GUILT
APPLE;RED
LOOK;EYE
MARK;CHECK
PASTA;SPAGHETTI
ENTER;COMPUTER
WAY;WRONG
HAZE;MIST
BOOTH;TELEPHONE
BAGGAGE;LUGGAGE
VALOR;BRAVERY
CORPSE;DEAD
FRAGILE;WEAK
TREBLE;BASS
FRAY;RUG
COMMON;UNCOMMON
EXCEL;SUCCEED
PLOT;SUMMARY
OREGANO;SPICE
PUMPKIN;HALLOWEEN
MOTEL;SLEEP
SINGER;DANCER
MERIT;AWARD
COMEDIAN;ACTOR
EVALUATE;JUDGE
TORTOISE;TURTLE
TIMES;DAYS
NET;GAIN
HAPPINESS;SAD
RECLINER;CHAIR
BROIL;BAKE
JOIN;GROUP
SMEAR;SMUDGE
WARRIOR;FIGHTER
STUCK;MUD
MUSK;COLOGNE
FUNCTION;PURPOSE
SUBTRACTION;ADDITION
CALCULATOR;MATH
RIDICULE;BLAME
BEAD;NECKLACE
OBSESSION;PERFUME
TRANSPARENT;TAPE
RYE;WHEAT
HER;SHE
NEPHEW;UNCLE
MEET;NEW
VODKA;TONIC
DISGUISE;MUSTACHE
WASP;BEE
STRING;TIE
HOUR;MINUTE
GREASE;OIL
CRUSH;SMASH
THERMOMETER;HOT
DAD;MOM
PRESS;CONFERENCE
WITH;TOGETHER
REMEDY;ILL
IGNORE;MEAN
DOLLARS;CHANGE
POLICY;RULE
WARMTH;HEAT
JAR;JELLY
SERVER;WAITER
MOVEMENT;MOTION
TOMORROW;WEDNESDAY
WICK;CANDLE
PIECES;PUZZLE
POLITICS;REPUBLICAN
ILLEGAL;DRUGS
FABLE;LESSON
AMUSE;JOKE
ECONOMY;SOCIETY
SOCKS;SHOES
LASER;BEAM
PARADE;CIRCUS
MUCH;MANY
NUT;CRACKER
STEP;STAIR
CLAW;CAT
FAME;FORTUNE
CAPTIVE;PRISONER
RIBS;BROKEN
SCRUB;DISHES
MORNING;EARLY
ASSISTANCE;HELPER
MEMBER;CLUB
CRUDE;DISGUSTING
STUFF;TRASH
RUM;COKE
PUB;RESTAURANT
ROB;THIEF
REACTION;ACTION
CHOCOLATE;CANDY
TRADITION;ALWAYS
WIDTH;LENGTH
PERSONNEL;STAFF
GIGGLE;LAUGH
SHOVEL;SAND
DEAL;CARDS
RUDE;POLITE
ARTERY;VEIN
METAL;PLASTIC
HESITATE;WAIT
SAY;SOMETHING
HABIT;NUN
NECK;COLLAR
DARK;COLD
BIG;GRAND
JURY;TWELVE
SUSPECT;JAIL
EGO;ID
FRENCH;FRIES
FLAG;AMERICAN
TRANSPLANT;HEART
LEMON;FRUIT
OVAL;OFFICE
HEIGHTS;MOUNTAINS
PRICKLY;CACTUS
THANKS;WELCOME
INTERVIEW;NERVOUS
RESERVATION;SAVE
HINDSIGHT;FORESIGHT
TONE;SOUND
RASH;ITCH
NAIVE;INNOCENT
SALOON;BAR
FIRST;LAST
MEANS;ABILITY
FORWARD;BACKWARD
HARMONY;SING
HAND;FINGER
MONUMENT;WASHINGTON
WAGE;MINIMUM
BEANS;RICE
PROTESTANT;CATHOLIC
THESAURUS;WORDS
DIGGER;DAGGER
CAMPING;TENT
NORTH;SOUTH
YARD;MILE
FISHING;REEL
COBRA;SNAKE
ROCKS;MOUNTAIN
DYNASTY;EMPIRE
BRAIN;CELL
VALUE;BARGAIN
FOR;AGAINST
FENCE;PICKET
CUE;HINT
FIND;FOUND
DIGIT;NUMBER
ERECT;HARD
HIGHLIGHT;MARKER
MOAT;CASTLE
MILD;SAUCE
EXPERIENCE;KNOWLEDGE
VAMPIRE;TEETH
COPPER;PENNY
VIRTUE;PATIENCE
CUDDLE;BOY
CURVED;ROAD
NERD;GEEK
MISTER;MAN
NIGHT;DAY
LEVER;PULL
QUENCH;THIRST
MONASTERY;MONK
BEWARE;FRIGHT
EAST;WEST
NAVIGATOR;PILOT
STEEP;HILL
SMALL;LITTLE
EXPLORER;ADVENTURE
COMPETENCE;CAPABILITY
SNOTTY;SNOB
CIGAR;SMOKE
LOOKS;PRETTY
SCRAP;BIT
JUST;FAIR
EMPTY;CAN
CAFE;DINNER
MOUSSE;RAT
BUZZ;RING
WEIGH;FAT
PUSH;SHOVE
RAG;CLOTH
CLOWN;FUNNY
CHAMPAGNE;BEER
SECRETARY;BOSS
ICEBERG;LETTUCE
LOCAL;FAR
PRAY;ASK
BEYOND;AFTER
NINE;TEN
NERVES;ENDING
DONKEY;ASS
CLARIFY;REPEAT
WHO;WHAT
GATHER;SPREAD
PRECIPICE;RECIPE
FREEWAY;HIGHWAY
COAL;DIAMOND
HISPANIC;SPANISH
DAUGHTER;SON
PARKWAY;CARS
SUNDAY;WEEKEND
HYPOTHESIS;GUESS
DOMINATE;CONTROL
TOPIC;SUBJECT
PEAK;BEST
STAIRWAY;STAIRS
ADVENTURE;JOURNEY
ORGANIZE;NEAT
PALM;SUNDAY
FLOWER;ROSE
PUBLISHER;COMPANY
BEG;PLEAD
LOBSTER;CRAB
DANGER;SCARY
ORIGINAL;FIRST
RACK;BIKE
BAT;NIGHT
HIGH;LOW
FINGERNAIL;POLISH
AFTER;BEFORE
OPPOSITE;SAME
FEUD;ARGUMENT
SANDPAPER;ROUGH
RELAX;TENSE
CREATE;MAKE
CASHEW;NUT
DEGRADE;EMBARRASS
OCCUPATION;MONEY
CRUST;PIZZA
FLOOD;DAM
PLAYER;TENNIS
IMPOSSIBLE;CAN'T
RURAL;TOWN
CALENDAR;DATE
POUNCE;HIT
APPLICATION;COLLEGE
STUB;TOE
ACCELERATE;SPEED
BEAST;ANIMAL
LIGHTNING;THUNDER
EXHALE;INHALE
LIFT;HEAVY
ASS;DONKEY
CHIPMUNK;SQUIRREL
PROVE;THEORY
TEND;WATCH
GROWN;UP
BEE;STING
EGG;BREAKFAST
SPELL;MAGIC
CONFUSION;LOST
EXCISE;TAX
SUMMARY;END
TARNISH;DULL
FREQUENCY;OFTEN
MIRAGE;DESERT
STEEPLE;POINT
SWEETHEART;GIRLFRIEND
RASPBERRY;TART
APPLIANCE;STOVE
SCREEN;WINDOW
SQUEAL;PIG
ACRE;LAND
ITEM;THING
CLUB;FRATERNITY
FIREPLACE;WINTER
GOVERNMENT;POLITICS
TIGER;ORANGE
DISEASE;CURE
RIDICULOUS;SILLY
BE;AM
AVENUE;PARK
AD;SELL
GAUGE;TEMPERATURE
DAMAGE;DESTRUCTION
SILENT;STILL
SHOWER;CLEAN
AX;WOOD
SPECIFIC;GENERAL
BLUBBER;WHALE
EXCEDRIN;MEDICINE
LOWER;HIGHER
ASCEND;DESCEND
TUMBLE;DOWN
DESIRE;WANT
STITCH;WOUND
PROTECTION;CONDOM
KNOCK;DOOR
RELEASE;GRAB
PUMP;TIRE
HOST;HOSTESS
PARTICIPATE;JOIN
NIECE;NEPHEW
SUPERSTITION;BELIEF
AWESOME;COOL
SNOW;SKI
FEMALE;MALE
MEDICAL;DOCTOR
FIGHTER;BOXER
RECOGNITION;PRIDE
SNEAKERS;SMELL
SLANDER;LIE
CONFESS;GUILTY
REFUSE;NO
STONED;DRUNK
PERFORM;ACT
REMORSE;SORROW
MINUS;PLUS
TAPE;RECORD
BOSS;EMPLOYER
NATURE;OUTDOORS
LIKE;LOVE
FACTS;FICTION
FLOWERS;ROSES
BANK;VAULT
SURPRISE;SHOCK
DELIVER;PACKAGE
COBBLER;PEACH
STAIR;WAY
BAND;PLAY
IMITATE;COPY
ABLE;WILLING
LOCATION;HOME
EYEBROWS;EYES
WRITE;PRINT
ACCUSE;COURT
BANQUET;EAT
BLOCK;BRICK
CUSTOMER;SERVICE
TEACH;LEARN
SCARED;FRIGHTENED
TENDENCY;HABIT
BOULEVARD;STREET
SLAVE;OWNER
ART;PAINT
ORDERLY;FASHION
GOING;GONE
SCAR;FIGHT
ADOLESCENT;JUVENILE
ONCE;NEVER
CHALK;CRAYON
REPEAT;AGAIN
BIOLOGY;FROG
TEAR;RIP
STEER;DRIVE
DECREASE;INCREASE
HANDCUFFS;CRIMINAL
COB;WEB
PASSIVE;ACTIVE
YUMMY;TASTY
SPANK;CRY
PURPOSE;REASON
SHOE;LACE
FLIP;FLOP
DUCKS;QUACK
PARCHED;THIRSTY
IVORY;PIANO
MOOSE;DEER
REMARK;COMMENT
TECHNIQUE;STYLE
VAST;LARGE
INSTRUCTIONS;DIRECTIONS
COMPULSION;OBSESSION
SNAIL;SHELL
LEND;BORROW
STEEL;METAL
SHADE;GLASSES
RINSE;DISH
COMMUNIST;RUSSIA
LENIENT;STRICT
PEANUT;BUTTER
CHARACTERISTI;TRAIT
TEN;ELEVEN
SON;DAD
FOOTBALL;FIELD
PERCENTAGE;HUNDRED
HULL;BOAT
AIRPORT;PLANE
CLUMSY;KLUTZ
BAKER;CAKE
KEEP;OWN
EVIL;NICE
RUB;MASSAGE
ATTACH;STICK
STALE;BREAD
TAXI;CAB
WINDING;CLOSING
RESPONSIBILIT;DUTY
COMPANION;PARTNER
SEED;PLANT
TYPIST;SECRETARY
OVERWHELM;EXCITED
PROTECT;SECURE
COMFORTABLE;COUCH
BARRIER;REEF
BOTTOM;FLOOR
REINDEER;CHRISTMAS
BIAS;RACE
WHAT;WHERE
BUG;SPIDER
GOLD;VALUE
ANNOUNCE;MARRIAGE
LAVA;VOLCANO
JUMP;ROPE
PARKING;LOT
DEW;MORNING
LOBE;EAR
POUND;DOLLAR
CRISP;CRUNCHY
REGION;AREA
RAYS;SUN
TEACHER;SMART
BANDANNA;HAT
GREATEST;WORST
BARTENDER;ALCOHOL
SENTRY;GUARD
CHARCOAL;GRILL
MONKEY;APE
TOOTHPASTE;TOOTHBRUSH
WHISTLE;BLOW
BET;GAMBLE
PROVERB;BIBLE
PLUM;PUDDING
DEFENSE;OFFENSE
STING;POLICE
POWERFUL;STRONG
SQUASH;TOMATO
TASTE;SOUR
SLIME;GOO
CHAPTER;SORORITY
CHECKERS;ROUND
HEARING;NOISE
EXPLANATION;ANSWER
BRISTLE;BRUSH
HARLEY;MOTORCYCLE
DOOR;OPEN
NECESSARY;NEED
FLOW;SMOOTH
WEB;FEET
SWAMP;ALLIGATOR
SUNRISE;SUNSET
EMBARRASS;BLUSH
INHALE;EXHALE
RESPONSE;QUESTION
STATISTICS;BUSINESS
INFORMATION;DATA
BRIDGE;SPAN
FRISK;SEARCH
UNIQUE;ODD
CINNAMON;TOAST
CHEW;SWALLOW
FRUSTRATE;ANNOY
IMAGINE;CREATE
REMEMBER;THINK
FORMAL;DRESS
EWE;LAMB
RESTRICTION;RULES
MYTH;LEGEND
EXPENSE;CHEAP
COD;FISH
IMPLODE;EXPLODE
REGRET;SORRY
CITIZEN;PERSON
NEWSSTAND;MAGAZINE
COMMAND;TELL
HOURS;LONG
ADJOURN;FINISH
THERE;HERE
FRECKLE;PIMPLE
ENERGETIC;ENERGY
MOLTEN;ROTTEN
THREE;FOUR
IDOL;BILLY
BACTERIA;FUNGUS
ESCARGOT;SNAIL
EVENING;DUSK
PLANTS;FLOWERS
ABUNDANCE;LOTS
SKY;HEAVEN
CELEBRATION;PARTY
TWINKLE;STAR
DUE;NOW
CONQUER;DEFEAT
GIVING;CARING
WARY;TIRED
ESCAPE;EXIT
MEDIA;CAMERA
SWEAR;PROMISE
STICK;STONE
MONARCH;BUTTERFLY
STAIRS;CLIMB
DICTATOR;COMMUNIST
IMPACT;CRASH
HANDBAG;BACKPACK
VAULT;LOCK
MICROWAVE;OVEN
COMPLETE;HOMEWORK
BLACKBOARD;CHALK
NATURAL;NATURE
TARDY;LATE
CUFF;PANTS
DETERIORATE;DECAY
TRAFFIC;SIGN
USE;ABUSE
PANCAKES;SYRUP
MAGIC;TRICK
CONDITION;HEALTH
MAD;ANGRY
GRASP;FIST
PRECISE;EXACT
FINANCIAL;PROBLEM
DEFINE;DICTIONARY
PLENTY;ENOUGH
COLLECT;STAMP
WILLING;READY
WIND;RAIN
MASTER;SLAVE
BACKGROUND;PAST
VIRGIN;SLUT
LACE;SHOELACE
PLANT;BUSH
ELECTRON;NEUTRON
HATCHET;AX
STORE;GROCERIES
MARGIN;LEFT
FLEX;MUSCLE
CONTROL;POWER
HUNDRED;THOUSAND
FIX;IT
FLEXIBLE;BEND
DUMB;DEAF
WAG;TAIL
ARGUE;DISAGREE
ERASER;PEN
MURDERER;KILLER
AMATEUR;BEGINNER
INDIAN;CHIEF
STRETCH;EXERCISE
INDIRECT;DIRECT
PRACTICE;PERFECT
FLOAT;SINK
KNOWN;UNKNOWN
TRUST;FAITH
OWE;LEND
PLASTER;WALL
VANISH;APPEAR
RECOMMEND;ENCOURAGE
PIANO;KEY
CATCH;BALL
EGGS;BACON
PACKAGE;MAIL
DEVIL;EVIL
NICOTINE;CIGARETTE
STOCKING;HOSE
SLIDE;SLIP
DOUBT;BELIEVE
FAIRY;STORY
PACK;SIX
ECSTASY;FANTASY
RIGID;STIFF
LORD;CHRIST
SPIT;MOUTH
COUCH;RELAX
BLUEBERRY;PIE
DRAWING;PAINTING
KLEENEX;TISSUE
ROUTINE;DAILY
SPINE;LESS
FLUNK;FAILURE
DANGEROUS;SAFE
GLARE;STARE
ATTITUDE;CONCEITED
SPATULA;FORK
TUBA;INSTRUMENT
PAPER;PENCIL
SKILLET;PAN
BROTHER;MOTHER
FREAK;WEIRD
SECLUDED;BEACH
PARK;TREE
GROOM;BRIDE
LABYRINTH;MAZE
FAST;SLOW
PAT;TOUCH
RACE;HUMAN
SOFT;COTTON
SMOTHER;SUFFOCATE
QUICK;HURRY
DEER;DOE
MARRIAGE;WEDDING
HERO;SUPERMAN
NOT;NEGATIVE
SWOON;FAINT
SUEDE;LEATHER
EXCUSE;APOLOGY
DIRECTIONS;ARROW
BOUNTY;HUNTER
REGULAR;IRREGULAR
MUST;HAVE
APRON;MAID
TRUSTWORTHY;FRIEND
BRACELET;GIRL
MIGHT;MAYBE
FOLLOW;TAG
JAPAN;CHINA
PHILOSOPHY;THOUGHT
SABER;SWORD
OWN;MINE
PEBBLE;ROCK
TIME;CLOCK
CHAIRPERSON;LEADER
SHIFT;MOVE
HAUNT;HOUSE
BREATH;DEEP
AFRICA;CONTINENT
CURTAINS;CLOSED
SCHOLARSHIP;SCHOOL
TOPPING;FUDGE
SERIOUS;STUDENT
RAKE;LEAVES
ME;YOU
SEARCH;SEEK
FEATURE;NOSE
RABBI;JEWISH
SCHOOL;WORK
OCEAN;SEA
SONNET;POEM
ASTRONAUT;SPACE
OPEN;CLOSE
APPEAR;SHOW
STALK;BEAN
STATION;TRAIN
INERTIA;FORCE
DISGUSTING;GROSS
COUNTRY;USA
GEESE;GANDER
NEEDY;CHILD
SALIVA;SPIT
INTUITION;KNOW
SPEND;SHOPPING
FALSE;TRUE
WASTED;GARBAGE
UPSTAIRS;ABOVE
PIPE;CLEANER
SYNAGOGUE;TEMPLE
HARMFUL;DANGEROUS
PICKET;CAUSE
CHARGE;ELECTRIC
TONIC;GIN
HEDGE;CLIPPER
IDEAL;REAL
LIZARD;REPTILE
BLENDER;ICE
ENDING;BEGINNING
ANKLE;BRACELET
PITCHFORK;HAY
PROCEDURE;EXPERIMENT
DESTINY;FUTURE
FANGS;WOLF
LIFE;FOREVER
GOODBYE;HELLO
JOBLESS;UNEMPLOYMEN
TALENT;SKILL
SPONTANEOUS;QUICK
RULER;STRAIGHT
SPOOL;SEW
FREEZE;THAW
JUSTIFY;EXPLAIN
CONTAINER;TUPPERWARE
WITHOUT;EMPTY
ENGLAND;BRITAIN
FAT;LADY
GLANCE;LOOK
THUMB;HITCHHIKE
CRUNCH;CRACKLE
WEIRD;STRANGE
SOUR;LEMON
SET;TELEVISION
OVERPOWER;BEAT
STOOL;SIT
CLOTH;MATERIAL
REPAIR;FIX
BASHFUL;SHY
SENATE;CONGRESS
THROUGH;FINISHED
TACTFUL;CAREFUL
CLOG;DRAIN
WHISKEY;BOOZE
STOPPER;LID
CLEAR;CLOUDY
GULLY;DITCH
OVERCOME;OBSTACLE
WORSHIP;CHURCH
QUOTIENT;DIVIDE
DYNAMITE;EXPLOSION
SPECIAL;IMPORTANT
PURCHASE;MALL
CHAIN;SAW
ADVERB;ADJECTIVE
CONFIDENCE;SECURITY
ACQUIRE;GET
LAMB;SHEEP
TRIP;VACATION
FAULT;YOURS
TIRED;ASLEEP
DO;DON'T
STROKE;FEEL
GOD;CREATOR
COMET;PLANET
OBVIOUS;HIDDEN
TRANCE;HYPNOTIZE
NITROGEN;OXYGEN
POLLUTION;ENVIRONMENT
COWBOY;BOOTS
RAISIN;GRAPE
CORE;MIDDLE
FARMER;CROPS
THINKING;BRAIN
STEAM;GAS
PRESENTATION;SPEECH
SWISS;CHEESE
PASTE;GLUE
HOMEWORK;STUDY
ERODE;ROT
BALLET;DANCE
SLIVER;PIECE
CLAMP;TOOL
POLITICIAN;LIAR
SANDWICH;HUNGRY
CARING;LOVING
HINT;CLUE
MILDEW;STAIN
SMART;DUMB
UNDERSTANDING;SYMPATHETIC
FUNNY;AMUSE
TAR;ROOF
HELL;DEVIL
DIP;CHIP
BREEZE;WIND
FORK;SPOON
BETRAY;CHEAT
REFLECT;LIGHT
COMPOSE;GATHER
PUBLICATION;PUBLIC
ASHAMED;GUILT
PAIL;BUCKET
MAYBE;NOT
EXTRA;MORE
NAG;BOTHER
DISAPPEAR;VANISH
GARLIC;ONION
PRESTIGE;HONOR
AUTHOR;NOVEL
ACTION;VERB
EXPERT;NOVICE
EXACT;PRECISE
WAR;PEACE
SYRUP;PANCAKES
BEETLE;JUICE
ARRIVE;COME
GRAVEL;ROCKS
HEROINE;DRUG
EXAM;PASS
CONFERENCE;MEETING
EXIT;ENTER
EDITOR;WRITER
GREED;HATE
FRIGID;FRAGILE
TRAVEL;FLY
MAN;WOMAN
TWO;THREE
LEGS;SHAVE
LIP;TONGUE
DISREGARD;IGNORE
MOTHER;FATHER
LEAN;SKINNY
SIMPLE;EASY
MISTAKE;FORGIVE
INSECT;ANT
MOMENT;ONE
SLICE;SODA
DIRECT;FORWARD
WEST;EAST
PUDDING;CHOCOLATE
PARIS;FRANCE
RECYCLE;CANS
PAYMENT;JOB
CAVE;OPENING
ALMANAC;MAP
HUGE;BIG
DECENCY;MANNERS
ALGAE;POOL
INTERRUPT;RUDE
FRIES;KETCHUP
PERISCOPE;SUBMARINE
JUNK;YARD
BUCKLE;SEATBELT
CHEMICAL;REACTION
WORTHLESS;NOTHING
COMPLEX;BUILDING
VETERAN;OLD
HUNT;FIND
ADJUSTMENT;BRA
POSSESS;TAKE
RULES;GAME
TUNE;MUSIC
ALIVE;LIVE
CIRCUS;CLOWN
WRESTLING;SPORT
CARDS;POKER
HULA;HOOP
GUM;CHEW
TENT;CAMP
SINKER;FISHING
NOISY;LOUD
MACARONI;NOODLES
SLEEP;DREAM
DISHES;WASH
BASEBALL;BASKETBALL
ADMISSION;TICKET
KEEPER;ZOO
STRIVE;ACHIEVE
QUESTION;TEST
WORLD;EARTH
REPLACE;LOOSE
CRUTCH;LEG
CONFUSE;MISUNDERSTA
CABIN;LOG
PAY;CHECK
SWIFT;MOVE
ACHIEVE;SUCCEED
DUSTPAN;CLEAN
HEADBAND;EXERCISE
AHOY;SHIP
GYMNASTICS;TUMBLE
CHARACTER;PERSONALITY
HEM;LEG
CREATION;MAKE
REMINISCENCE;REMEMBER
BREAK;SMASH
CUPBOARD;CANS
BLOOD;VEIN
FEELING;EMOTION
CAN;COKE
CARROT;RABBIT
GANGSTER;MOB
YOUNG;WOMAN
INTAKE;INHALE
SLENDER;SKINNY
CANVAS;SHOES
CONVICT;KILLER
ATHLETE;MUSCLE
SUPERIOR;INFERIOR
QUART;OIL
DOMINANT;MALE
DUST;PAN
CRAB;LOBSTER
LIBERTY;FREEDOM
COUPLE;DATE
SUGGEST;ADVICE
SAILING;FISHING
MINT;JELLY
INTEGRATE;MATH
NO;YES
PUNCTUATION;PERIOD
COP;TICKET
SELFISH;GREED
CABINET;KITCHEN
TOMATO;VEGETABLES
NATION;CONTINENT
RAZOR;SHARP
VERSE;SONG
TWICE;ONCE
HEEL;TOE
HURRY;SLOW
OFFICIAL;REFEREE
ELEMENTS;CHEMISTRY
GLOBE;WORLD
ABSTRACT;THOUGHT
METER;YARD
STEWARDESS;HOSTESS
BOILED;EGGS
JOG;RUN
DOWN;DESCEND
READY;NOT
CHIEF;LEADER
PRETEND;ACT
EARRING;HOOP
SUITCASE;LUGGAGE
CARDINAL;RULE
KNIGHT;ARMOR
TWIN;SISTER
ACID;DRUG
PRIME;RIBS
HITCHHIKE;THUMB
RUNNER;JOGGER
REPRODUCE;SEX
ATOM;NEUTRON
WASHCLOTH;TOWEL
LOW;HIGH
EFFORT;TRY
LINGERIE;SEXY
AGREEMENT;DISAGREEMEN
OPPORTUNITY;CHANCE
TRADE;WIND
FORM;SHAPE
AGENDA;SCHEDULE
MARY;VIRGIN
MICROSCOPE;SMALL
GIFT;PRESENT
UPDATE;NEWS
PERCEPTION;SIGHT
LINE;WAIT
HARM;EVIL
CHOOSE;PICK
SLAY;KILL
TRICK;TREAT
DEFINITION;MEANING
MAZE;LOST
BOOT;CAMP
TURN;OFF
WEDNESDAY;THURSDAY
LIGHTHEADED;FAINT
GAMBLE;CARDS
COMEDY;CLUB
KETTLE;STOVE
CRUNCHY;NUT
POINT;DIRECT
MINERAL;ROCK
REFRIGERATOR;OVEN
HELP;NEED
FUN;EXCITED
INSTRUCT;DIRECTIONS
FOUNTAIN;PENNY
COFFEE;TEA
CHRISTIAN;JEWISH
THEOREM;GUESS
STANDARD;NORMAL
HAIL;CAB
SKILL;SAW
JUICE;THIRST
BUYER;SELLER
MULE;PULL
AGAINST;FOR
COPIER;MACHINE
EINSTEIN;BRAIN
TECHNOLOGY;FUTURE
BROKEN;FIX
COMMUNITY;NEIGHBORHOO
CLAM;OYSTER
KNEES;LEGS
DEAF;WHAT
MINUTES;HOURS
PSYCHOLOGY;MIND
VALVE;CAR
GRACEFUL;KLUTZ
EYEBALL;SOCKET
BRING;GET
LAUNCH;ROCKET
REJECT;ACCEPT
POPCORN;BUTTER
SCULPTURE;ART
POPEYE;SPINACH
BIT;BITE
FLIPPER;DOLPHIN
PLASTIC;TUPPERWARE
CONQUEST;ADVENTURE
SLAB;CONCRETE
BRAT;SPOILED
MULTIPLY;INCREASE
WEEKLY;MONTHLY
ARENA;FOOTBALL
COACH;TEAM
LOSE;DEFEAT
DEBATE;ARGUE
SPRING;SUMMER
CREVICE;CRACK
TROT;HORSE
NEVER;AGAIN
RAFT;FLOAT
SEEK;SEARCH
STRIKE;PICKET
SCARF;NECK
PLUMBER;DRAIN
COCKY;ARROGANT
MODERN;STYLE
VOCABULARY;LARGE
EAGER;WILLING
GUN;SHOOT
ASPHALT;PAVEMENT
CRAWL;SNAIL
DONE;GONE
OCTOPUS;ARMS
WEAKNESS;STRENGTH
VISIT;HELLO
DESERT;CACTUS
CURIOSITY;KNOWLEDGE
ADDITION;PLUS
BROOK;STREAM
TEARS;RIP
HURRICANE;STORM
PRESIDENT;USA
TOMB;GRAVE
CAPTAIN;BOSS
COMPONENT;PART
OFTEN;ENOUGH
THING;OBJECT
AXON;NEURON
CONVERSATION;SPEECH
EMPLOYMENT;UNEMPLOYMEN
APPEARANCE;LOOKS
CANE;SUGAR
SACK;BAG
FROSTED;FLAKES
TALL;SHORT
SUITE;HOTEL
MYTHOLOGY;LEGEND
LUST;OBSESSION
JUSTICE;FAIR
GRANDPA;GRANDMA
POPULATION;EXPLOSION
OLIGARCHY;GOVERNMENT
SAMPLE;EXAMPLE
MELT;CHEESE
SPOUSE;HUSBAND
ENEMY;RUSSIA
FLOOR;TILE
DUSK;SUNSET
GRAVY;BOAT
CARNIVAL;PARTY
SCIENCE;BIOLOGY
AUTHORITY;RULES
WHEAT;HAY
BIRTHDAY;CANDLE
GATHERING;MEETING
PRODUCTION;MOVIE
HAIRCUT;NO
IDIOT;DUMB
JUNGLE;ANIMAL
RACCOON;SQUIRREL
CAKE;BAKE
VEHICLE;SPEED
PORK;BACON
SECOND;MINUTE
MARIJUANA;CIGARETTE
GROW;TALL
ACROBAT;DANCER
LEGION;FOREIGN
PRECIOUS;VALUABLE
MATTER;EARTH
SASH;BELT
URGE;WANT
CAMERA;PICTURE
GRANDPARENTS;MOM
SHAPE;MOLD
FOE;FRIEND
CAVERN;CAVE
KING;QUEEN
ROBE;BATH
ENGAGE;TOGETHER
ADD;SUBTRACT
LUCK;FORTUNE
BLANKET;WARM
UNCOOKED;RAW
GEOLOGY;LAND
BRUSH;TOUCH
DESK;STUDY
VOTE;ELECT
SENATOR;POLITICS
BLOOM;ROSE
BECOME;AM
INTERESTING;NEAT
POSSIBLE;DREAM
AGRICULTURE;FARM
TOILET;BATHROOM
NECKLACE;GOLD
INTESTINE;STOMACH
OBJECT;SUBJECT
TORCH;FIRE
GENTLE;LOVING
NAIL;POLISH
CHAIR;TABLE
FURY;ANGER
CONTEMPORARY;MODERN
LODGE;CABIN
ALONE;LONELY
CORD;TELEPHONE
BALLOON;CLOWN
PORCELAIN;DOLL
HANDKERCHIEF;TISSUE
SECRETIVE;QUIET
DROWN;SUFFOCATE
SNOOZE;CLOCK
HORNET;STING
HOSTAGE;PRISONER
HEROIN;DRUGS
KILL;MURDER
FEET;TOES
SOME;THING
KILLER;MURDERER
SINGLE;MARRY
CRY;TEARS
LOVER;FIGHTER
LINT;DUST
BECAUSE;WHY
SUPPORT;BEAM
FOOLISH;SILLY
SMELL;TASTE
PLAYTHING;TOY
NUTS;CRAZY
DENT;BEND
BLADE;KNIFE
SHATTER;BREAK
COMBINE;JOIN
PATTERN;MAZE
TREE;LEAF
HUSBAND;WIFE
SKETCH;DRAW
UNEVEN;CROOKED
CARAVAN;DESERT
SISTER;BROTHER
SEAFOOD;CRAB
SCUBA;DIVE
DIPLOMA;GRADUATION
CLOROX;BLEACH
JOCK;STRAP
STEREOTYPE;PREJUDICE
FACTORY;WORKER
IN;OUT
TRANQUIL;EASY
EXTENSION;ADDITION
GIRAFFE;ZOO
THIRD;THREE
UNNATURAL;FAKE
TWIST;TURN
DAGGER;SWORD
SOAK;WASH
ODDS;AGAINST
SQUID;OCTOPUS
PIG;HOG
UNAWARE;AWARE
WIPE;ASS
ORCHID;PLANT
BREATHE;EXHALE
POTTERY;CLAY
CHANNEL;MARKER
IRRITATE;ANGRY
ADVERSARY;ENEMY
CLARINET;FLUTE
TRANSPORTATIO;TRAIN
FOND;FISH
BOARD;CHALK
BLOUSE;SHIRT
AMERICAN;FLAG
MUFFIN;TOAST
HELPER;ASSISTANT
KANGAROO;AUSTRALIA
GUYS;GIRLS
MAT;WELCOME
INCLINE;HILL
OFF;ON
DECOMPOSE;DECAY
NEIGHBORHOOD;AREA
AWARD;TROPHY
PRINCESS;PRINCE
WOOL;ITCH
BUD;ROSES
FINAL;LAST
POISON;SNAKE
BLESS;YOU
LOYAL;TRUE
EXECUTIVE;SECRETARY
DISOWN;ABANDON
APPENDAGE;FINGER
JAIL;PRISON
DECORATION;CHRISTMAS
COWARD;WIMP
BATHTUB;SHOWER
FLUSH;BLUSH
LOFT;BED
GOAT;BILLY
TWILIGHT;ZONE
BIRTH;BEGINNING
JAWS;SHARK
PULL;SHOVE
ENVIRONMENT;NATURE
GLOVES;HANDS
FRIAR;MONK
DETACH;SEPARATE
FACTOR;REASON
GUARD;SECURITY
CONDITIONER;SHAMPOO
COMPLAIN;WHINE
REPRIMAND;PUNISHMENT
SCARCITY;RARE
OYSTER;CLAM
BORDER;LINE
NEWSPAPER;PRINT
CONCLUDE;ANSWER
FLEET;CARS
INSULT;COMMENT
ANISETTE;DICTIONARY
PORTRAY;PAINT
BOOK;READ
EXPLOSION;BOMB
FEDERAL;OFFENSE
FINISH;START
BOLT;CLOSE
LANDSCAPE;TREES
DECEIT;TRICK
TOWEL;CLOTH
SLUG;GROSS
MALT;SHAKE
BEEF;COW
TREASURE;CHEST
MUSCLE;STRONG
DATE;TIME
ROOM;BEDROOM
JUNIOR;SON
SAP;SYRUP
HOOP;HULA
DEPENDENT;INDEPENDENT
TREND;FAD
CARTON;BOX
SEA;OCEAN
AMAZE;WONDER
CONTRACTOR;BUILDER
ASSAULT;ATTACK
ORE;IRON
RESORT;VACATION
GULLIBLE;STUPID
INCOME;IMPORTANT
POKER;GAMBLE
PRINTER;COPY
ALARM;MORNING
CONCERN;WORRY
PROVISION;FOOD
STRESS;ANXIETY
CROCHET;KNIT
FANTASTIC;FOUR
DISTURB;DON'T
BROOM;BRUSH
RAW;MEAT
SENSITIVE;SHY
DISGRACE;SHAME
AMOUNT;LOT
PLANE;CRASH
SAVE;KEEP
ESCALATOR;ELEVATOR
DAIRY;MILK
CENTS;DOLLARS
VEST;JACKET
WILDERNESS;FOREST
FIBER;CEREAL
LEVEL;EVEN
BEND;BACKWARD
SCALE;WEIGHT
INTENSITY;FORCE
OASIS;THIRSTY
LOSER;GEEK
EMPATHY;SORRY
CRAZY;INSANE
SEVEN;ELEVEN
SAFARI;JUNGLE
SOON;LATE
OCCUPIED;BUSY
COMMENT;TALK
MONK;PRIEST
BOTTLE;BOOZE
SAILOR;SEA
SLICK;SLIPPERY
SCALES;REPTILE
SURVEY;QUESTIONS
RESTAURANT;BAR
ELECTRICIAN;WIRE
THIEF;STEAL
TOYS;CHILDREN
DISC;COMPACT
FROWN;SMILE
PALACE;GUARD
FLAP;FLOP
TOES;TEN
HEAR;LISTEN
CROSS;STREET
OFFICE;DESK
LEAST;MOST
PRONOUN;ADJECTIVE
NOTE;LETTER
IDENTIFICATIO;NUMBER
MANY;FEW
RELIGIOUS;BIBLE
TUBE;TOOTHPASTE
NOSE;BLOW
EYE;EAR
FLOUR;BREAD
SIDE;FRONT
DINOSAUR;EXTINCT
CHEERLEADER;SNOB
ASTROLOGY;SPACE
IDENTICAL;EXACT
AWAY;HERE
BUSH;LEAVES
WEAR;DRESS
PIMPLE;ZIT
VIOLA;VIOLIN
HANDICAP;WHEELCHAIR
RIGHTS;LAW
THINK;KNOW
VAN;DRIVE
CHAMBER;ROOM
LATIN;SPANISH
SOUTH;WEST
OPTION;OPEN
VALUABLE;EXPENSIVE
ADDICTION;HABIT
ATTACK;HEART
DUCK;QUACK
CHILDISH;IMMATURE
OUNCE;POUND
INSTANT;QUICK
HUE;COLOR
THERAPY;MASSAGE
ATOMIC;EXPLODE
HEAVEN;HELL
ADMIT;CONFESS
STICKER;GLUE
DROWSY;TIRED
MOSS;FUNGUS
BANDAID;CUT
PLANNING;ORGANIZE
OFFENSE;DEFENSE
CON;ARTIST
GRAPE;VINE
STEAK;FRIES
SUCK;SPIT
RIGHTEOUS;BROTHERS
ATHLETIC;SPORTS
PEAR;PEACH
BISON;BUFFALO
FAIRYTALE;FICTION
HOUSE;BRICK
MORON;IDIOT
STRATEGY;PLAN
REVOLUTION;AMERICAN
PRIMATE;MONKEY
PHYSICS;MOTION
COLONEL;GENERAL
PRESUME;ASSUME
ANGRY;SAD
ROOST;CHICKEN
ACE;POKER
STATE;FLORIDA
SURE;POSITIVE
BULLY;ROUGH
GORGEOUS;BEAUTIFUL
FOUR;FIVE
FRAGRANCE;COLOGNE
AIR;BREATHE
LINEN;SHEETS
BELIEF;LIE
DISINTEGRATE;VANISH
FOGGY;UNCLEAR
BROAD;WIDE
UNDERGROUND;MUSIC
TELEVISION;RADIO
GAVEL;ROCKS
PEST;CONTROL
TUSK;ELEPHANT
CELLO;BASS
ZEBRA;DONKEY
SNEAKY;SLY
MIST;FOG
BOOTS;LEATHER
BONDAGE;SLAVE
PHYSICAL;DOCTOR
WEDDING;BRIDE
BASEMENT;ATTIC
MCDONALD'S;HAMBURGER
LAWN;CHAIR
PLAID;STRIPE
VESSEL;SUBMARINE
TART;CANDY
ORNAMENT;TREE
HORN;INSTRUMENT
CHRIST;JESUS
RESPOND;IGNORE
LINK;CHAIN
JEWELRY;NECKLACE
EMBRACE;HUG
PILE;STACK
INDEPENDENT;DEPENDENT
JOKER;LAUGH
SEVERAL;THOUSAND
AROMA;SPAGHETTI
TRENCH;COAT
DINNER;SUPPER
PATIO;FURNITURE
WORTH;NOTHING
CHAMPION;BOXER
GATE;FENCE
HEALTHY;DEAD
MAIN;FIRST
PYRAMID;EGYPT
CHIP;POTATO
VACATE;LEAVE
MEDAL;AWARD
SOIL;DIRT
COURAGE;BRAVERY
UNUSUAL;IRREGULAR
BLUNT;RUDE
PASS;FAIL
DIRECTION;EAST
CEILING;WALL
PLAIN;SIMPLE
KNOT;SHOELACE
PROPERTY;TAX
MAFIA;ITALIAN
SUGGESTION;IDEA
PICKLES;DILL
RAIN;THUNDER
TRUTHFUL;HONEST
ESSAY;WRITE
CHANGE;DIFFERENT
CHOP;AX
DELIGHT;HAPPY
STUMP;PUZZLE
FRANKENSTEIN;MONSTER
ABDUCT;KIDNAP
HEIGHT;LENGTH
ASPIRIN;HEADACHE
SUN;TAN
TRACTOR;TRAILER
HAUL;CARRY
ALL;NONE
BELONG;MINE
ZEST;SOAP
TREES;BIG
RARE;UNCOMMON
DOVE;PEACE
BEGGAR;PLEAD
ROAR;LION
ALLEGIANCE;PLEDGE
FORESIGHT;BEFORE
LEASE;RENT
RETAIN;HAVE
SHOVE;PUSH
CONSEQUENCE;ACTION
PARSLEY;SPICE
CHINESE;RICE
CHIMPANZEE;APE
BRITANNICA;BRITAIN
REAP;HARVEST
IDENTITY;ID
CIRCLE;SQUARE
EVIDENCE;PROOF
FRIENDS;FAMILY
PERSONALITY;TRAIT
SACRED;FRIGHTENED
JUMPY;ROPE
STUDY;WORK
HYGIENE;TOOTHBRUSH
IMPEDIMENT;OBSTACLE
GROVE;DITCH
CLERK;PERSON
FLUFFY;SOFT
CRICKET;BUG
MALE;MAN
FEAR;SCARED
SAND;CASTLE
LEAVES;CRUNCHY
GRATE;METAL
GRAMMAR;WORDS
CAFFEINE;COFFEE
JOURNAL;DIARY
RUG;CARPET
CLOTHES;WEAR
TYPHOON;HURRICANE
BAR;GRILL
KNEEL;KNEE
MOW;LAWN
LAW;ORDER
LEFT;RIGHT
CRITICAL;DANGEROUS
TORTURE;ABUSE
DEAD;ALIVE
RELIABLE;DEPENDABLE
INSIGHT;FORESIGHT
INFERNO;VOLCANO
VIOLET;PURPLE
RAM;SHEEP
CLIMAX;ORGASM
PERCEIVE;LOOK
RAPE;CRIME
OPERATION;SURGERY
TABLET;PILL
SALESMAN;ANNOY
LOOSEN;TIGHTEN
COMMITTEE;CONGRESS
VALENTINE;LOVE
POETRY;POEM
BAY;WATER
SONIC;SOUND
MONTH;DAY
CLEAN;DIRTY
WEEKEND;FUN
STAIN;SPOT
SELL;BORROW
DISSIMILAR;SIMILAR
AHEAD;BEHIND
METHODIST;CATHOLIC
ACTOR;ACTRESS
NEWS;PAPER
TALK;SPEAK
MEXICO;SOUTH
WEED;GRASS
GENERAL;HOSPITAL
ANALYSIS;DATA
FABRIC;MATERIAL
POUR;SPILL
METEORITE;STAR
DISCOMFORT;HARD
MUSTACHE;BEARD
LUGGAGE;PLANE
FUMES;SMOKE
OUTRAGEOUS;FUNNY
BRANDY;GIN
BENEFIT;HELP
USA;AMERICA
BAN;DEODORANT
TON;LOTS
FIG;NEWTON
UNIVERSITY;LEARN
DEEP;SHALLOW
DIAL;PHONE
BEHAVIOR;STRANGE
TWIG;BRANCH
CUCUMBER;PICKLES
MOIST;WET
BENEATH;UNDER
CUB;BEAR
JELLY;GRAPE
WAKE;EYES
LANE;HIGHWAY
MACHINE;WASHER
REVIVAL;TENT
AIRCRAFT;PILOT
FLYING;AIRPLANE
PAN;POT
PENDULUM;HYPNOTIZE
ASCENT;CLIMB
FLORIDA;SUN
MOST;ALL
MOTION;MOVEMENT
BLOT;SMUDGE
UNDECIDED;UNKNOWN
VOMIT;PUKE
MISCHIEF;TROUBLE
JEWISH;RELIGION
CHEF;WAITER
GYM;WORKOUT
COUNTY;CITY
TOSS;THROW
MUNCH;CHEW
PREDATOR;HUNTER
FOSSIL;DINOSAUR
TOOLS;HAMMER
CHAOS;CONFUSION
WINNER;LOSER
EDUCATION;HIGHER
DUPLICATE;SAME
CODE;RED
CENTURY;YEAR
NEEDLE;THREAD
COUSIN;NEPHEW
STREAM;RIVER
ANGLE;GEOMETRY
MINIMUM;LOW
CANDIDATE;PRESIDENT
BLEACH;WHITE
TELL;SAY
IMPATIENCE;PATIENT
WILL;POWER
PRESENT;GIFT
YEARLY;ANNUALLY
VANILLA;FUDGE
UNSURE;MAYBE
SOMETIMES;OFTEN
CAB;TAXI
FAR;NEAR
TRICYCLE;BICYCLE
HATCH;DOOR
MORALS;VALUES
HOE;GARDEN
CONCEPT;BELIEF
LION;TIGER
ENTRY;ENTER
RENT;APARTMENT
ARMOR;KNIGHT
ANOTHER;MORE
TUB;BUCKET
HUNG;UP
RELISH;KETCHUP
MINOR;MAJOR
MASK;FACE
WORSE;BETTER
ELEVATOR;STAIR
STIMULUS;REACTION
MUSIC;DANCE
SPRINKLE;CHOCOLATE
TOUR;FRANCE
STIR;SPOON
WATCH;STARE
FAILURE;SUCCESS
DEATH;LIFE
STACK;PANCAKES
HARE;TURTLE
MICROPHONE;LOUD
NEUTRON;ATOM
PLEDGE;HONOR
MEMORY;PAST
HUMAN;BEING
EXAMPLE;SAMPLE
SPRAY;HAIR
HOTEL;MOTEL
CUSS;SWEAR
CONTEXT;CLUE
ACCURATE;PRECISE
REALIZE;UNDERSTAND
BUSY;BORED
CUT;BLOOD
SHIP;SINK
OVEN;HEAT
CARDBOARD;STIFF
STAG;DOE
WHOM;WHO
SOOTHE;CALM
DEPOSIT;SLIP
CABOOSE;TAIL
RAT;CAT
BREED;DOG
CLIMATE;WEATHER
NUN;FATHER
UNCOMMON;WEIRD
MOB;CROWD
METICULOUS;PERFECT
SERVICE;STATION
EMPIRE;CHINA
OFFEND;BOTHER
SCENT;PERFUME
FOIL;ALUMINUM
CHISEL;CHIP
COURAGEOUS;SUPERMAN
TEASE;FLIRT
SATIN;SILK
GRIZZLY;SCARY
LUBRICATE;CONDOM
WRENCH;MONKEY
SPINACH;CATS
PALM;TAKE
CLOWN;UNKNOWN
EXACT;EAST
SEVEN;PLEAD
TECHNIQUE;TOUCH
BAND;ARGUMENT
ANTELOPE;AWAKE
PRECISE;LEADER
WORTH;JOIN
LEND;DATE
WAGE;STAIN
SNEAKERS;TIRE
CLEAN;BLOOD
SECRETARY;WALL
HOURS;DAM
ACHIEVE;MATH
POUND;LEFT
FRISK;ACT
MIRAGE;WANT
FAULT;BREAKFAST
TREBLE;OIL
PASTE;SUPERMAN
SKI;BELL
NYLON;MEDICINE
GATHER;BLAME
ORDERLY;COLLEGE
ASSISTANCE;PIECE
OWN;YARD
CONTROL;ENTER
SONIC;CAMP
LIFT;ONE
EXCISE;PAN
LIZARD;PERFUME
HARLEY;TOWN
METICULOUS;BASS
SELECTION;BLACK
CASTLE;TEMPERATURE
COMPLEX;MOUTH
STATISTICS;DAYS
HEIGHTS;RUG
EXAM;TENNIS
NEPHEW;BROKEN
STOPPER;HATE
TYPIST;FRANCE
SMART;PAST
CHEMICAL;MUSCLE
POLITICIAN;ENCOURAGE
DISTANCE;LESSON
HAZE;WHEAT
CONDITION;DRUNK
HAPPENING;TENSE
CHANGE;CHICKEN
ITEM;TURTLE
AX;DAILY
BUCK;GAIN
SWEAR;PENCIL
FRECKLE;PEN
RIGID;BELIEF
MASON;BREAK
FEMALE;PERFECT
SANDWICH;WEDDING
INDIRECT;DOCTOR
WASP;WATCH
MAYBE;IGNORE
CRUNCH;BALL
HULA;HOSTESS
DISEASE;AMUSE
HESITATE;POKER
ESTIMATE;DRY
PEANUT;BRAVERY
FOOTBALL;MUD
EAGER;TISSUE
ASHAMED;FRAGILE
SERVER;CONTINENT
QUOTIENT;ANT
FIND;HUNGRY
TRUSTWORTHY;STARE
FREEWAY;AM
DOLLARS;OLD
WASTED;ACTOR
CONTAINER;AWARD
SEVERAL;SUBMARINE
CHOCOLATE;LEATHER
MOVE;SCIENCE
STUB;SAME
THANKS;SUCCEED
SONNET;CANDLE
COMPLETE;DESTRUCTION
PLANT;HELPER
IVORY;UNCLE
RIDICULOUS;MORE
TRAIT;CHARACTERISTIC
CABOOSE;MINUTE
IDOL;ROSE
SENTRY;HIGHER
OUTDOORS;LOSE
MARRIAGE;SUMMARY
RACE;FAILURE
PLENTY;THOUSAND
EYES;SCHEDULE
DELIGHT;FIRE
DUMB;VERB
EXPLODE;EXTROVERT
SHAME;HEAVY
VIRGIN;LIVE
TURNIP;BITCH
SOCKS;SAD
WEED;SONG
STABLE;CONCERT
CALORIES;SHARP
PUNCTUATION;KITCHEN
HARMFUL;DESERT
COMFORTABLE;WRONG
MAD;THING
STEP;MOTION
COMPETENCE;DOWN
PARIS;SHOELACE
ROOST;TOY
CHAIN;CHINA
EXPLOSION;POTATO
RIGHTEOUSNESS;CONSERVATIVE
WHISKEY;STUDY
BARTENDER;TONGUE
BUGLE;TORNADO
SCARED;DANCER
HUNDRED;PUZZLE
HIGH;NEUTRON
TERROR;TIGHT
CAVERN;SHAPE
REFUSE;EVIL
INFERIOR;AUTO
TARZAN;BASKET
PAYMENT;MUSTACHE
FOREHEAD;MARRY
DIRECTIONS;BEE
THUMB;ONION
DANGER;VEIN
REFLECT;OPENING
FLAG;HONOR
FREEZE;JOKE
ACCEPT;TOWEL
HEAVY;CALM
TAXI;SHOES
LIBERAL;DIRECTION
BREATH;JOB
IMAGINE;CHRIST
MURDERER;IRREGULAR
SALIVA;HOOP
BRUSH;MALE
MONKEY;WASH
HOMEWORK;FATHER
NEW;HIP
EGGS;DESCEND
CREDIT;DECISION
WORSHIP;MEAN
ADMIT;REMEMBER
TRUNK;SCIENTIST
WART;MISTAKE
RACK;TART
REVIVAL;SUBJECT
STRESS;VEGETABLES
PANCAKES;TREE
UNDERSTAND;MISUNDERSTAND
GRATE;INSTRUMENT
OVERCOME;NOTHING
NAVIGATOR;OFTEN
KITTEN;NEEDLE
STICK;SUNDAY
REPAIR;MOVE
PERFORM;LOST
VAST;EASY
CONSTRUCTION;CLIMATE
COWBOY;FLY
ARRIVE;MAIL
TASTE;ACHIEVE
MEDIA;HOSE
MEANINGFUL;RELATIONSHIP
VOCABULARY;LAUGH
STEEP;JELLY
SICKLE;BRA
RACKET;POLITE
CLOROX;DINOSAUR
STAIRS;WIND
REFRIGERATOR;MEETING
GRANT;GUN
BEG;LOW
BROTHER;APPEAR
HAWAII;STATION
HER;COMPUTER
TOPIC;DREAM
CRYSTAL;CUDDLE
BLUEBERRY;THIEF
TIGER;BEACH
RUDE;KEY
ICEBERG;GAME
COB;MAGIC
LOVER;INHALE
EXHALE;LEG
DEAL;BOTHER
OWE;MANY
HUGE;NO
BARBECUE;PERSONALITY
EXPERT;COME
CHAPTER;TRASH
DISHES;LENGTH
SLANDER;ROUGH
COD;CANS
SHADE;ORANGE
CHIEF;NEAT
SPIT;FAT
SCRUB;ROAD
OFFICE;ROCKET
HEM;BRAIN
AVENUE;THINK
RETREAT;MULTIPLY
DISCOVERY;HITCHHIKE
SHAKE;BORING
OPPOSITE;MONK
RESTRICTION;LOT
SCENERY;BOYFRIEND
PARTICIPATE;GUARD
DENIAL;LADDER
DISGUSTING;ABUSE
PROTECTION;JEWISH
ANKLE;WAY
DONKEY;DON'T
NEEDLE;RARE
BOLOGNA;TEA
GROWN;LOVE
SCHOLARSHIP;SECURE
ROCKS;OXYGEN
NAG;OVEN
TROPICAL;NEIGHBORHOOD
MOAT;SNAKE
ALWAYS;LETTUCE
PLANE;FUTURE
EXPENSE;CAN
SIMPLE;GUESS
COMPASSION;LETTERS
FLOWER;FICTION
VALOR;PENNY
BOYFRIEND;INNOCENT
SMOTHER;PILOT
TRANSPARENT;GOO
MASSAGE;PLANET
TUMBLE;FIST
DO;WILLING
USA;ROOM
GULLIBLE;HUSBAND
TAPE;HEALTH
PORCELAIN;START
AFTER;SUNSET
HEROINE;STRONG
FLOOD;STAMP
JELLO;READ
PARCEL;ASK
PIANO;QUESTION
CHILDISH;LISTEN
LAMB;OBSESSION
DEEP;INSANE
VANISH;PLAY
HOPE;INDIAN
;CHRISTMAS
UPSTAIRS;EXPERIMENT
PHILOSOPHY;NEED
HELL;RAT
FAMOUS;ACCEPT
THIRD;CARS
FLUSH;AMERICAN
INMATE;PAPER
SWEETHEART;ENERGY
EMPTY;DUTY
IRRITATE;DAY
CUFF;BUSINESS
ASS;THIRST
IMPOSSIBLE;BOY
CONFESS;ALLIGATOR
CHEW;LITTLE
SHOE;SAVE
VULNERABLE;SIT
DOOR;FUNNY
ONCE;ALCOHOL
SAUCE;BODY
KEEPER;DRESS
ESCARGOT;TOAST
POSITION;CASH
LOBSTER;INCREASE
CHART;WINNER
DOMINATE;KILLER
NAUSEA;SHINE
EXCEL;FIX
ANNOUNCE;SORROW
ADJUSTMENT;STONE
ANARCHY;WORM
DECREASE;RULES
GROOM;SPANISH
SPIDER;SODA
MEET;CRAYON
HURT;LIGHTENING
PLUM;WEEKEND
PURPOSE;BOSS
SEED;SQUIRREL
PEAK;ODD
COUNTRY;QUICK
NUT;MOTORCYCLE
FUNGUS;DUCK
RUB;GAMBLE
FRANKENSTEIN;INDEPENDENT
DARKNESS;ARMS
ATTACH;CRY
ALIVE;CREATE
MONUMENT;FAR
WHO;RICE
GOODNESS;CAUTIOUS
HABIT;FINISHED
PERCENTAGE;ROUND
EXCUSE;CAMERA
HULL;HEART
PARKWAY;PULL
TROMBONE;HEAD
MONSTER;FRANKENSTEIN
SOFT;PACKAGE
SLEEP;THIRSTY
ARGUMENT;SPOILED
SPELL;FEET
COUCH;RING
PRINCESS;PLEDGE
SCREEN;MOUNTAIN
TARDY;EAR
TAR;EXPLAIN
SPANK;SPREAD
SKY;COLD
COMMUNIST;ANSWER
DROP;ANNOYING
LIKE;BRITAIN
DISAPPEAR;ANNOY
VAMPIRE;COURT
GOD;FINISH
FAITHFUL;GROW
TENT;AREA
REACTION;PEACH
THERAPY;OFFENSE
DEVELOP;JAIL
UNNATURAL;HARVEST
NINE;YOU
OCEAN;PRINT
MEANS;BACKPACK
AMBITION;TALKING
ILLEGAL;SUN
SPECIFIC;GIN
RELAX;SMOOTH
DECEPTION;CLIFF
STAIR;GRAND
CAMPING;FOUR
PRIMATE;BEAR
LOOK;SPIDER
PYRAMID;OBJECT
SNOW;FRUIT
THERMOMETER;EAT
ASTRONAUT;CLIMB
WEB;FLOOR
PULL;CHEESE
SOUR;LADY
FORWARD;WORDS
MAZE;HIGHWAY
RINSE;WINTER
RYE;NERVOUS
HAUNT;GLASSES
BASEBALL;HINT
NOT;DAD
SHOVEL;MAGAZINE
ABDUCT;AUSTRALIA
JEWELRY;SORRY
OVERWHELM;AGAIN
GORGEOUS;PHONE
ALPHABET;KIDS
RUSH;PARTNER
IMPLODE;TUPPERWARE
VALVE;HOTEL
SPREE;PANTS
EMBRACE;NEURON
CURIOSITY;WORK
SLIDE;DRAIN
ECSTASY;CRACKLE
TACTFUL;SOMETHING
METAL;PROBLEM
EVIDENCE;SUMMER
BEAST;CACTUS
CHALK;DIAMOND
SKILL;NUMBER
SHEEP;ENGLAND
CITIZEN;GEEK
ADVENTURE;ELECTRIC
WOODS;AUNT
RECOGNITION;OFFICE
MEANINGFUL;FEELING
SINKER;TRICK
UNTRUTHFUL;PRIVATE
PRESIDENT;FORCE
BLINDS;KIND
PRUNE;CHILD
TWINKLE;EXCITED
STAMP;BELOW
TONE;HARD
GRANDPARENTS;ROPE
FIRST;SAW
CAN;MORNING
BANDANNA;FEEL
SCHOOL;BRICK
TUXEDO;GROWTH
PROVE;DUSK
WAIT;LONG
DISINTEGRATE;IMPORTANT
SOUTHERN;PLACE
BAKER;ENDING
PUSH;CONGRESS
THREE;WHAT
EXISTENCE;FLAKES
HUSKY;SKIN
DEFENSE;POEM
TOGETHER;SCRATCH
;
PRESTIGE;CHECK
PARKING;CRAB
EXTENSION;PRECISE
REAR;OUT
FAT;TAG
DELIVER;STAIRS
FLOAT;CONTROL
ACCOMPLISH;GATHER
NIECE;HUNTER
MOTOR;JANE
PAT;TAIL
SPECIAL;WEIRD
CURIOUS;SANDWICH
PRECIPICE;COOL
FASTEN;PLASTIC
GOODBYE;SNOB
CRUST;BEGINNER
CLAMP;SCHOOL
ALGAE;THEORY
STEEPLE;TIE
MAILBOX;MAJOR
GIGGLE;CLEAN
LUST;NOT
JUNK;CIGARETTE
NEWSSTAND;TONIC
REMEMBER;DULL
SLACKS;SYMPATHETIC
FACTS;HAVE
PIECES;EARTH
LIGHTENING;THUNDER
SOON;GENERAL
RESPONSE;GIRL
GAVEL;SPAGHETTI
FINANCIAL;WINDOW
YUMMY;RAIN
ALLIGATOR;SUGAR
PACKAGE;GUILT
STUFF;RELAX
DAD;WAITER
EGYPT;ABNORMAL
SUPERSTITION;RULE
FUNNY;CHANGE
MACARONI;SHAVE
TEACH;LOUD
EMPATHY;SLOW
PINT;CARD
ARGUMENT;DISAGREEMENT
MOUSSE;ROOF
STORE;POOL
CONQUER;BOXER
SABER;ROCK
STARVING;LEND
AMATEUR;COMPANY
IGNORE;STORY
NECK;NOVICE
GREATEST;ALWAYS
OFTEN;AX
BIRDS;NURSE
MONARCH;DISGUSTING
WEEK;ARMOR
WAY;HURRY
STATION;BAKE
COMPANION;ILL
ENTER;CURE
SHORE;MOTEL
BOULEVARD;HEAT
CLARIFY;TAPE
ALMANAC;DEVIL
BOOTH;SMASH
AGAIN;HOT
PILE;TIGER
MATERIAL;HAMBURGER
CARPENTER;PUSH
MERIT;DANCE
LAVA;TICKET
WILLING;HALLOWEEN
CORE;EARLY
CHAMBER;PRESENT
STEER;RED
OPEN;SMUDGE
DOWN;NUT
WET;CARE
ACRE;VANISH
BEING;SEATBELT
LICE;INFERIOR
FEELING;FARM
PLOT;PIG
REINDEER;DIRECT
FOIL;KIDNAP
DEPOSIT;ANIMAL
OPTION;LOVING
BANQUET;LESS
ATTEMPT;MURDERER
AWESOME;CIRCUS
GULLY;BRIDE
NERVES;DEAF
ARENA;HELL
PHONY;BUBBLE
SPOUSE;TOES
STALE;FIRST
THERE;CHOCOLATE
ERASER;CHEAT
SUMMARY;NEW
APPLE;EXERCISE
FORGIVE;TEARS
PRECIOUS;CROOKED
PORTION;MONKEY
PHYSICAL;SLIP
ENDING;THREE
DISBELIEF;BROTHER
WEATHER;LUNCH
STENCH;SLUT
MAGIC;COKE
FLEXIBLE;WAIT
SYNAGOGUE;NIGHT
DIP;ACTION
POWERFUL;SUFFOCATE
METEORITE;BACON
CASHEW;SWORD
SANDPAPER;LUGGAGE
CELEBRATION;LIE
RASPBERRY;BIKE
LOCAL;MOTHER
PRIMATE;MONEY
PRINTER;FISHING
MEDICAL;CLOWN
MEANING;EGG
RANGE;TAN
DESTINY;POLISH
REGRET;SPEED
INSECT;CONFERENCE
BET;DOOR
PUB;STAFF
MIGHT;SCARY
DIGIT;STOVE
CHIPMUNK;CARDS
HANDICAP;PUKE
COBRA;MAZE
HONEYMOON;JUICE
BOTTOM;PARK
CATCH;HUMAN
FLUNK;FORK
EWE;WOOD
RAISIN;CLUE
CENTS;WIFE
GALLON;GOOD
REPLACE;JUDGE
FLOW;STILL
GENTLEMAN;END
STOOL;REPUBLICAN
ARGUE;IT
DYNAMITE;MAYBE
CREATE;MINE
OVERPOWER;NEGATIVE
ACCELERATE;DRUGS
LAB;WOUND
BEYOND;PRIDE
HERO;TOE
HAIL;POWER
LENIENT;LOOSE
DIME;DIVE
MARGIN;PUBLIC
RECYCLE;RUDE
GRAPE;THURSDAY
KNOCK;SPICE
MAIN;UNCOMMON
ABLE;BEAM
CAPTIVE;CANDY
HINDSIGHT;STING
STAIRWAY;EMBARRASS
HINT;FAINT
PRICKLY;TOGETHER
FLIP;DEAD
COVER;GIRLFRIEND
BLACKBOARD;STAIR
ACT;PIE
SKIP;MIX
UNDERSTANDING;JOURNEY
FLEX;THOUGHT
PATIENCE;TUESDAY
SKILLER;DONKEY
IMPORTANT;HEADACHE
ADVERB;MOM
GRAVEL;CHAIR
HOBO;NARROW
HISTORY;BALLOON
STOCKING;WRITER
AGREE;LIGHT
HIGHLIGHT;CONDOM
APPEAR;WHALE
ROACH;DOG
SPEND;PURPOSE
LUMP;PURSE
TUSK;MOLD
ELEMENTS;CHAIN
LEAN;CHIP
MORNING;POINT
AMUSE;BEER
ROAR;DEPENDENT
SLIME;HOUSE
MONGOOSE;PROPERTY
BALCONY;STORAGE
STRAIN;CUP
LOSER;UP
POTATO;TRADE
INERTIA;TELEPHONE
JUSTIFY;FRATERNITY
THINKING;NEPHEW
CUSTOMER;SIX
RESCUE;LEDGE
TOMORROW;CRACKER
FIREPLACE;CREATOR
DISAGREEMENT;BIT
KEEP;PIMPLE
SHEARS;BAND
WHISTLE;PLUS
POLISH;LUCK
LOSE;STYLE
FOR;EXHALE
JAW;MINIMUM
PERSONNEL;GARBAGE
DYNASTY;VALUE
FINGERNAIL;BOAT
SPATULA;STUDENT
PURCHASE;CAPABILITY
SLAVE;SORORITY
WITHOUT;CROPS
BIKE;SENATE
BLUBBER;EMPTY
IMPEDIMENT;BEGINNING
GOAL;COLLAR
CUE;TELL
LEVER;HAY
STEEL;OBSTACLE
RASH;DITCH
BONDAGE;USA
SPRAY;CHILDREN
SUEDE;UNEMPLOYMENT
CUP;HORN
ALLERGY;TOP
ASCEND;TIRED
DETECTIVE;GOD
SCRATCH;SPILL
TREAD;SPEAK
TALENT;RECORD
INQUIRE;VAULT
RECKLESS;KEEPER
POLICY;DECAY
PRACTICE;DATA
WRENCH;TROPHY
SPOT;STICK
DEFINE;ENOUGH
ACID;BLOW
EVIL;SHOCK
RAG;DANGEROUS
SECTION;NEWSPAPER
TENDENCY;GRILL
MEN;SEE
TRANSPLANT;LAST
MEAN;WAGON
GOOSE;FIGHT
COMMON;GRAPE
JOIN;DINNER
STRING;SING
TRAVEL;CHEAP
OUTRAGEOUS;SNAIL
WIDTH;LEARN
DISBELIEVE;OWN
MAN;GONE
BUZZ;SERVICE
GARLIC;SHOW
IMITATE;TRAIN
FRAGILE;BEST
CRUTCH;REASON
POSSESS;COUCH
ME;BIBLE
JUST;REPTILE
RIDICULE;EMPLOYER
SERIOUS;PRETTY
ASCENT;BRUSH
FRUSTRATE;ITCH
IMPATIENCE;WONDER
NICOTINE;BORROW
SNOTTY;ROSES
BETRAY;OWNER
SUITE;DESK
RECOMMEND;POLICE
ESSAY;AIRPLANE
MOWER;BUG
FORBIDDEN;ACTRESS
WIND;HEAVEN
CHAIRPERSON;FRIES
PUMPKIN;SHOPPING
RIBS;MARRIAGE
SPOOL;SHELL
LEAVE;PIANO
IMPACT;DRIVE
CINNAMON;KLUTZ
SMEAR;VACATION
CLOG;ASS
BUILDER;CONSTRUCTION
NAIVE;OUTDOORS
QUALITY;RIDICULOUS
GREASE;MASSAGE
MISTER;BREAD
ESCAPE;LEMON
NOISY;STREET
CONTEST;BACK
OCCUPATION;RACE
SUBTRACTION;METAL
BEE;CASTLE
COMPLAIN;GRASS
FINGER;FOLLOWER
BREEZE;TENT
GLARE;APE
HYPOTHESIS;PARTY
PROCEDURE;ASLEEP
FEAR;BIOLOGY
COMMAND;FASHION
WEIGH;CLOSING
WAG;WELCOME
STEW;SALT
UNEVEN;LEGS
ROB;SEW
FIGHTER;SPACE
SALUTE;OCEAN
LINEN;SHARK
AWARENESS;GOAL
DARK;BRACELET
PAIN;PRINCE
CALCULATOR;RIP
WEALTH;ARTIST
SHIP;CLOTH
CAFE;CAREFUL
MASTER;LARGE
CARPET;MOUNTAINS
TOWEL;TRAIT
WORLD;GROSS
FAIRY;SIGN
POUNCE;CAUSE
EDITOR;WHERE
BARRIER;ICE
BOOT;HABIT
INFORMATION;CLOSE
ATTRACT;PYRAMID
BASHFUL;MARKER
NATURAL;BOOZE
JURY;JUVENILE
OKAY;ZONE
ERECT;BLUSH
PITCHFORK;CHALK
DUCK;STRANGE
GEESE;STRICT
SQUASH;REEF
SLICE;SMART
CURSE;STORM
RULES;YOURS
MAGNET;REFRIGERATOR
ENGLAND;SPIT
DICTATOR;LAMB
BOSS;ENVIRONMENT
TRIP;EXACT
PICKET;SEEK
SCAR;EMPIRE
GRASS;PUNISHMENT
SHE;NAME
INTESTINE;VIOLIN
STONED;SAUCE
DRAWING;BEAN
SEARCH;WEB
FAME;MATERIAL
GRASP;STRAIGHT
CUSS;ALIVE
SUITCASE;HYPNOTIZE
WARY;ADVENTURE
SURPRISE;FIELD
AMP;POETRY
SHIFT;HERE
YARD;CAKE
HISPANIC;BUTTER
BRIDGE;NICE
GYMNASTICS;DIRTY
TIME;ANGRY
BACTERIA;FORESIGHT
STAG;ID
BRAIN;CARING
MALE;HELLO
COFFIN;DECIDE
FEATURE;BOOTS
ARTERY;FINGER
MANNERS;CLEANER
REALIZE;PROOF
CHARACTERISTI;LOOK
MACHINE;PRIEST
INHALE;PLANE
RESERVATION;SKILL
TRUST;CLOUDY
DUCKS;FAIR
QUESTION;DOLLAR
BE;TEN
AIRPORT;LEAVES
MILDEW;ABOVE
WISDOM;BEEF
EXPLAIN;IRRITATING
TACKLE;ON
PERMIT;PLAIN
COAL;WOLF
BLOCK;AGAINST
ENERGETIC;COMMUNIST
FUNCTION;TOMATO
REGULAR;COPY
SWISS;BAR
DOUBT;TEMPLE
TEAR;FUNGUS
PRESENTATION;PAINT
HARMONY;MIDDLE
PUBLICATION;SPAN
PUBLISHER;LID
LAY;TELEVISION
RESPOND;SYRUP
CATCHER;CLEAR
ILLNESS;LET
FREAK;CHRISTMAS
DECREASE;FEW
EXPENSE;SQUIRREL
SPELL;SNAKE
FRUSTRATION;SPANISH
AFTER;ALERT
SOBER;SWEAT
EXERCISE;BRITAIN
GROWN;BROTHERS
CONFUSION;HIGHWAY
HANDBAG;FOREVER
RULER;CHILD
ARROW;EAR
MOAT;ENERGY
ORGANIZE;FLOP
SLIDE;PICE
SLEEP;WORDS
SLEEVE;QUESTION
ARMY;HEART
CREATOR;EVEN
SPINE;LACE
SMOTHER;OVEN
PROTECTION;HARD
VALUE;HIDDEN
VOLCANO;BOSS
SINCE;SORROW
SLY;THEN
INFERIOR;THIRST
RESTRICTION;THINK
WINDOW;ABUSE
GOVERNMENT;NATURE
PUKE;SHORT
GROOM;ELEVATOR
TEN;SHEEP
SPEED;CREATE
PROOF;BEARD
COPY;PICKLES
PATH;FAST
ROUTINE;FROG
PEAK;OFFICE
REFLECTION;INDOORS
PROVE;THIRSTY
BOUNTY;FUTURE
CRITICIZE;PENNY
OBTAIN;FUNNY
BARREL;COFFEE
LAWSUIT;DRAIN
NONE;SHOOT
AFRICA;GET
OPPOSITE;STEAL
FIRST;BAD
MOWER;KILLER
KNITTING;SOCKET
THREE;TILE
DOMINATE;FOX
DAMAGE;HITCHHIKE
LIKE;SUNSET
BALLET;DEFEAT
DO;LOVE
STRIVE;REEL
MAJOR;MIRROR
TUXEDO;RULES
SECRET;ANNOY
STAIR;FIST
TERROR;JEWISH
SURGERY;FOUR
BUDGET;GLASSES
LEGS;INNOCENT
JOBLESS;DAY
REACTION;WEEKEND
UP;PLAN
CLAW;GLUE
SNACK;PEONLE
METAL;ODD
EXCEL;PULL
OVERWHELM;EAT
BACK;INCREASE
PARTICIPATE;MOON
THOUGHT;HELP
BEWARE;SIT
TUMOR;SHAMPOO
EIGHT;COUGH
INTERVIEW;BEAT
ONCE;HURRICANE
SCREEN;RAT
MEET;BOX
CUFF;FICTION
HULL;HOLE
COBBLER;AMERICAN
WITH;COMMENT
CALORIES;MACHINE
VISITOR;ZERO
PLUM;LINE
TAN;MAGAZINE
DISAPPEAR;ALCOHOL
ACTION;NOISE
FALSE;CRUNCHY
THROUGH;LONG
SWOON;BILLY
MOVIE;LITTLE
BAT;GANDER
AUTHOR;PLANET
SNAIL;CELL
VAMPIRE;NEED
VASELINE;WEAVE
GREED;FOUND
PLUG;EVIDENCE
VALOR;PRISON
TEXT;CANCER
SKY;GLASS
BOIL;WHAT
APE;GUARD
RECOGNITION;TRIP
HELL;HEALTH
CHALK;CAN
WEAK;CACTUS
IMPLODE;ARGUE
CHEW;CRACKLE
FORK;DICTIONARY
SQUARE;STOP
CREAM;FRUIT
CRUDE;NOSE
CRAFTS;TIME
FILE;BRICK
HALT;TEAR
OUT;CAMERA
TRANSPARENT;ROUND
SON;BUTTERFLY
CAGE;CUT
JOURNEY;PRINT
HAIRSPRAY;FINISH
RIP;SLIPPERY
SNOW;MILK
EGG;SODA
BASKET;MINOR
ASS;FLOOR
CIGAR;SOUTH
ALLOW;ANXIETY
WEB;FILM
FENCE;SMOKE
CONFERENCE;PICKET
TRUCE;ABANDON
INTUITION;FORCE
ANNOUNCE;STATE
HORRIBLE;EXPLAIN
ACQUIRE;OFFENSE
AWARENESS;GRASP
ILLEGAL;MONK
SUGAR;COURT
SPECIFIC;FAT
SNEEZE;GOO
HONEY;SPREAD
NORTH;SEARCH
OUTDOORS;COLOR
ACCUSE;PANTS
ATTORNEY;ROBBERY
TONE;PROBLEM
FLOWERS;ROPE
QUANTITY;CLOTHES
FISHING;ABILITY
GRAFT;PEACH
TRANCE;EXPLOSION
GOLD;PUDDING
NAG;OCTOPUS
CLUMSY;IMPORTANT
SEW;BUMP
SHOVEL;ROAD
NECESSARY;CATHOLIC
STING;EXIT
INMATE;EXPENSIVE
BLUES;PROM
DETERIORATE;LEGEND
BACKGROUND;RUSSIA
ECSTASY;EXPERIMENT
SOCIETY;PILOT
RUB;DARK
PLANTS;PARTNER
SWEETHEART;CLAM
SOFT;ATTACK
CHART;NERVOUS
SCHOLARSHIP;BACKPACK
EARTHQUAKE;OPERATION
HAVOC;SMILE
PIANO;STONE
VEGETABLE;LAW
SCHOOL;ERUPT
RANGE;QUEEN
ROOF;LAWYER
PURPOSE;MOUNTAIN
SQUEAL;TEETH
ELECTRON;WORK
TENT;GRANDMA
HOLD;LADY
SCRAP;MILE
CRESCENT;GIN
BANK;LOCK
BIAS;NEVER
ALIVE;FRANKENSTEIN
HOST;MORNING
LIFE;DISH
ADJUSTMENT;WIRE
MARK;LATE
CORRIDOR;DUSK
RINSE;FINISHED
THERMOMETER;SOMETHING
SHOWER;NUMBER
ADVENTURE;NORMAL
ATTIRE;ELECTRIC
DEW;LOTS
MONSTER;TREES
EXCUSE;SUPERIOR
PHILOSOPHY;GRAPH
OCEAN;FEAR
LOBSTER;BEHIND
COMMUNIST;SECURE
MEANS;SWEET
UNSOLVED;GAMBLE
SHAVE;WILLING
CURE;RING
BOXING;SICK
TAR;WIMP
UNIQUE;GAS
DOOR;TRICK
FRIGID;JAIL
BEAST;EXAMPLE
DISGUSTING;DEODORANT
SENATE;OPEN
NINE;WINTER
SHORE;CABINET
EXPLANATION;SORRY
BURGLARY;FOREST
SOUR;FEET
PRINCE;STICKY
COUCH;BUSINESS
STEAM;LETTUCE
BROWN;CHAOS
SUBURB;NEIGHBORHOOD
EVENING;PROMISE
GOD;HOSPITAL
FLOWER;HALL
RYE;AGAIN
INSTANCE;JUNGLE
LUMP;KNIT
TAPE;NAVY
TUNE;BEFORE
SEED;SUN
MAROON;AMOUNT
HEROINE;PACKAGE
AD;ASK
SCRUB;PRINCESS
DITCH;DON'T
TUMBLE;FIX
WHO;FEEL
TACTFUL;CLAY
SYRUP;BRAIN
POLLUTION;WASHINGTON
SPANK;GLOVES
DEFENSE;POT
MUST;CRASH
DRAGON;VOMIT
HABIT;DIAMOND
HAUNT;STRONG
FORWARD;BUILDER
BANDANNA;CRAYON
JUMP;MAN
CRUSH;SPEECH
TARDY;QUESTIONS
MICROWAVE;CARS
SAY;FRIGHT
SHELL;TUPPERWARE
SINKER;COLD
BAKER;LOT
ART;CHEESE
NERD;WEST
GOVERNOR;YOU
EVALUATE;NUN
AVENUE;GRAND
BAGGAGE;FRIGHTENED
BEAM;ENDING
PERCENTAGE;IN
PARKWAY;TERRIBLE
VILLAIN;ANSWER
DONKEY;SAW
CAMPING;FOOD
UPSTAIRS;BOW
HAIR;POEM
SPIT;AREA
COLLECT;REAL
NAME;OWL
SCUBA;FAIL
TEXT;ADVICE
WRITE;TISSUE
CRISIS;HAND
FEET;FAKE
DANGEROUS;PIZZA
NIGHT;LAUGH
JUGGLER;APPEAR
ORIGINAL;COLOGNE
COMET;TEST
BUCKLE;TEMPERATURE
MOOSE;EYE
ALARM;AM
SOAK;DOCTOR
ISOLATED;IDEA
CHECKERS;COTTON
WEIRD;SPOON
LIBERAL;CONSERVATIVE
GHETTO;DRINK
PRIVATE;WATCH
EMBARRASS;MATH
DIRECT;RESTAURANT
APRON;TENSE
FUSS;SEX
ROMAN;TIRE
ESSENCE;KNIFE
LOOKS;APOLOGY
CAGE;WIDE
FOX;PARTS
KIDNAP;HOLY
HIKING;HATE
DEER;SLAVE
CLEAR;SKI
DEVIL;CLUB
JOKER;CANDLE
RUM;MEETING
POISON;EVIL
MASS;ANNUALLY
STITCH;LESSON
BUG;GUILTY
MIMIC;APARTMENT
PACK;ROT
SNEAKY;BEAUTIFUL
MICROSCOPE;MOB
INSTRUCTIONS;ADDITION
DESIRE;JOIN
REPEAT;INHALE
WAKE;STUDY
ORIENT;DOTS
SWAMP;MEDICINE
SCALES;CHINA
BIG;READY
GLANCE;SINK
DETACH;FREEDOM
DRAPES;STEAK
FATHER;HOSE
OASIS;MOVE
CIRCUS;MINUTE
TROT;LEAVE
SCRAMBLED;PAIN
CRISP;ZOO
HOOP;SUCCESS
TONIC;SKINNY
DIMINISH;DRUNK
RELEASE;NOODLES
INTROVERT;AMBULANCE
PRIDE;PATIENT
LEASE;SMALL
PANEL;TRASH
MONEY;PREVIEW
PARK;TAX
DECENCY;MAP
CARING;NEAT
FILL;MISUNDERSTAND
MOMENT;CLOSED
AWARD;DRAW
CARBON;MURDER
VAULT;GROUP
SODA;APART
BRACELET;POLITE
LIME;TONGUE
WAR;SUBJECT
DEGRADE;HIT
SINGLE;SIGHT
MOTEL;PASS
PROFESSOR;AGE
OZONE;CABBAGE
RAYS;FORTUNE
TOOTHPASTE;FIGHTER
BIOLOGY;SHE
LABYRINTH;MAKE
SLEEVE;VALUES
MEMBER;PLEAD
CLOTH;CAMP
CHARGE;SAFE
OBNOXIOUS;TEACHER
SUSPECT;SELL
UNTRUE;BRAVE
JOINT;CIRCLE
CARDS;BASS
PIMPLE;FURNITURE
LEMON;BELIEVE
REAP;LOG
HATCHET;PEACE
OUTGOING;VIEW
MEMORIAL;STAIN
TEMPER;WANDER
PROTECT;FANTASY
REMAIN;BASIC
HEAVEN;DUST
CARELESS;DISC
RELIGIOUS;LOST
PRAY;CAN'T
POLITICS;GROCERIES
MYTH;CLOCK
ABILITY;SUMMARY
PRESUME;REFEREE
ABSTRACT;UNKNOWN
WINDING;SPORT
LISTEN;AIR
PRETEND;HIGHER
OVAL;BASKETBALL
FRIES;SUBMARINE
DISGUISE;BUSH
PUMP;BRA
HOOT;RELATIONSHIP
TARNISH;HEAVY
UNCONSCIOUS;LIVE
BROIL;INSTRUMENT
PERCEIVE;BOTHER
APPENDAGE;LEG
ACTRESS;KEY
LEAGUE;MEANING
MOTHER;MALE
PROVERB;SILLY
BOX;HONESTY
ADOLESCENT;GAIN
EXTRA;MUSIC
INSULT;STARE
TIRED;DEEP
MEETING;BEACH
STANDARD;ANGER
GIRL;ACHIEVE
MARIJUANA;WIND
PROM;SPORTS
KLEENEX;SHOVE
CHARCOAL;STAR
BOOK;OYSTER
EVERYDAY;BEAN
CLEANER;NICE
EYEBROWS;SON
PARCHED;BACKWARD
KNOWN;VOLCANO
GUM;BLOW
FRAY;BARGAIN
OCCUPIED;SHAKE
STUCK;SWALLOW
METRIC;BROCCOLI
SOME;PAINT
SHOCK;CAPABILITY
OBSESSION;ID
WORTHLESS;SECRETARY
NORMAL;BUM
RECLINER;USA
SAILING;DANGEROUS
RESPONSIBILIT;DIVIDE
AMAZE;ALL
SQUAD;STRAIGHT
DENT;CLOSE
BRISTLE;SOUND
TUBE;AMERICA
LACE;FISH
WAIST;HOUND
CHRISTIAN;ENOUGH
REMARK;TRUE
RAFT;TIGHTEN
PLASTER;STRANGE
CRUNCHY;FORESIGHT
IDENTICAL;BORROW
LASER;HELLO
CHOP;LEARN
LIGHTNING;PLANT
STATUE;SENTENCE
PARTY;UNUSUAL
TALL;FLUTE
BLENDER;PATIENCE
FAIRYTALE;DECAY
MONASTERY;EYES
STALK;FIGHT
MISTAKE;PIANO
CRAVE;WALK
OBVIOUS;BIT
WEST;PERSON
CRANE;GO
WICK;HILL
CURTAINS;COLLAR
HAPPINESS;SNAIL
FANGS;TELEVISION
RUNG;FALSE
EGO;ADJECTIVE
PROTESTANT;HYPNOTIZE
PHANTOM;WHEELCHAIR
PARADISE;ADD
TERRIBLE;SPECIFIC
CREATIVE;SHOWER
ATTACK;DITCH
ABUNDANCE;CLOTH
DIPLOMA;COMPACT
GAUGE;AFTER
VIRTUE;ACTIVE
COMPUTE;MARKET
CACTUS;SCARE
TRY;TRUTH
LIP;WORST
DAUGHTER;QUACK
ANTLER;EXCUSE
DISREGARD;SHY
WEAKNESS;POUND
TRAIN;SHALLOW
BEANS;ELEVEN
CAVE;HUNDRED
RABBI;TOOTHBRUSH
AWKWARD;ZIT
FABLE;MINIMUM
LOBE;STYLE
HANDCUFFS;MOUNTAINS
SKETCH;RIGHT
FORMAL;SEA
SUNRISE;TRAIT
COMEDIAN;TWELVE
OPTIMISTIC;SELF
WHOM;CARPET
UNCLEAR;MIND
TRADITION;DEER
CAF;CAREFUL
RAP;QUART
TREES;BOOZE
EMOTION;SHOE
LITTER;FALL
BOOTS;ITCH
NET;CLIPPER
BENEATH;GRAVE
ARMY;ALLOW
REMORSE;SOUR
CARDBOARD;SPACE
HOW;STUPID
TORTOISE;SYRUP
HUNT;FLOWERS
SMALL;TASTY
DEFROST;SHOW
MUSK;BRUSH
IDEAL;CLEANER
CAPTION;BEST
TRIBE;REFRIGERATOR
NEGOTIATION;SNEEZE
WRESTLING;OWN
COPS;WORRY
MATCH;MIXTURE
MUCH;HOMEWORK
MOLTEN;CHURCH
HEDGE;REPEAT
RACCOON;COPY
EMPEROR;THIN
MOONLIGHT;CROPS
PEARL;LETTER
CHIP;MEAT
CHARACTER;TALK
DECEIT;SPIT
SINGER;HABIT
THIMBLE;SHAME
DIGGER;MALL
POSTAGE;ABOVE
DAMN;YOURS
EAST;BEGINNING
SUNDAY;HOME
MUNCH;SINK
TUBA;DIRECTIONS
INDIAN;HAT
SLIMY;PIMPLE
SLIVER;CRIMINAL
NONSENSE;SECRET
BATH;FLAG
FOLLY;COOK
INFECTION;AROUND
NEUTRON;SQUARE
DUE;DAGGER
PLAYER;STICK
MILD;RECIPE
GOING;SECURITY
USE;EXPLODE
HAUL;TEAM
SPILL;HER
PRONOUN;BUTTER
NIGHTGOWN;CONFESS
PIPE;ROTTEN
QUICK;THAW
FIX;VAULT
CONDFIDENCE;KNOWLEDGE
BIBLE;YELL
EXPRESSION;VINE
DRUM;SPAN
QUENCH;KNOW
FLAKE;WILD
WEARY;TIRED
SHALLOW;SAUCE
TEND;SOCIETY
FAST;FRIEND
CUDDLE;WEAK
STORAGE;EMOTION
LIPS;STATES
WARMTH;KETCHUP
RURAL;SYMPATHETIC
DART;DIFFERENT
BINDER;DO
HITCH;HUG
TIMES;SAND
SOUND;HUMAN
TOPPING;BEND
SILENT;SLUT
PRESS;GRAB
FARMER;SLEEP
CRACK;SITUATION
EUROPE;EMERGENCY
CEREMONY;SLY
CHAMPAGNE;PAINTING
ADMISSION;AX
PAIL;SLIP
SET;HOT
AVERAGE;MAKER
HAND;NECKLACE
CONSTRUCT;BONE
EXCEDRIN;MONEY
MINUS;THUNDER
CHECKING;SNOW
INTERRUPT;UP
VETERAN;PLASTIC
TYPHOON;SHIP
SOLDIER;GOOSE
RAKE;PRISONER
CONFUSE;SHEETS
ECONOMY;FIND
BUS;GEOMETRY
CALENDAR;CAT
LOWER;CHEW
AFFAIR;WINDOW
SPONTANEOUS;DOE
SENTENCE;ALUMINUM
ERODE;MANNERS
LOFT;SAMPLE
SECLUDED;NOW
HOUR;FUDGE
GRAPH;TAXI
REMIND;CONFUSION
GEOMETRY;BEING
REMEDY;CONCEITED
UNAWARE;GOLD
FLIPPER;FLIRT
HORN;CARDS
CORPSE;NOT
INFLATION;SOUP
JAR;SPAGHETTI
WAGON;FIVE
SEAM;DISAGREEMENT
HEARING;FAITH
PEBBLE;BUCKET
OREGANO;NUT
INTRODUCE;SKY
TWO;PRECISE
CAPTAIN;NEPHEW
PUDDING;STIFF
PARADE;ARROW
COMPOSE;DISAGREE
APPLICATION;MIST
NEEDY;WEDNESDAY
SHINGLE;WOOD
ZIT;WRITER
DRILL;CHANGE
LOCATION;WOUND
SOUTH;BAKE
ROUGH;FORK
CHINA;CAB
SURROUNDING;ARM
VILLAGE;ROOF
TEACHER;CHIEF
JUICE;TOE
FAILURE;WRITE
STROKE;FORGIVE
GRADE;WOMAN
LOTS;DRUG
LANDSCAPE;SIMPLE
PEROXIDE;SANTA
APPLIANCE;BACON
THESAURUS;ANIMAL
BRAVADO;PEAK
POSITIVE;ALWAYS
PASTA;BIG
BELONG;BRIDE
JAPAN;POLITICS
TRAFFIC;LIAR
WALLET;CONFERENCE
ATTITUDE;SMELL
RIGHTEOUS;SOAP
SEASHORE;CRACKER
NOW;ACCOUNT
CLUB;TOOL
SEX;FOLDER
LET;ITEM
AHOY;CRAZY
DEBATE;PRESIDENT
EXPLORER;POWER
PERISCOPE;PANCAKES
DANDRUFF;WORKOUT
MOVEMENT;FISHING
SONG;TIE
DOMINANT;SCARY
STAND;DANGER
VODKA;FORWARD
FOLLOW;LEND
NATURE;DISHES
COPPER;LAND
WHAT;BUILDING
RICH;CHOICE
BEFORE;NEW
VEHICLE;EXERCISE
SMASH;CHOOSE
LAUNCH;WHITE
PASSIVE;GIRLFRIEND
KEYS;OFF
TOAD;TAPE
SAVIOR;HAMMER
REGION;LOVING
EXIT;REACTION
SENSITIVE;THOUGHT
CHICKEN;COMMUNISM
BEETLE;PIE
NITROGEN;END
INLET;UGLY
GUARDIAN;FEMALE
TREE;ATOM
COMPULSION;UNCOMMON
CURVED;NOVEL
SALOON;GENERAL
NAP;ILL
EXPERIENCE;DUMB
MAP;PLUG
ADJOURN;LIGHT
FEUD;JUICE
LOAD;REPUBLICAN
CHROMOSOME;FENCE
PAPER;GATHER
LORD;SEATBELT
PRIME;DIRT
DAIRY;BELT
KEYBOARD;POOL
FRENCH;ROCKS
WARRIOR;SLOW
GIVING;MAID
PARSLEY;PARTY
DUSTPAN;DOOR
ARTS;SHOT
FACTORY;SWEAR
SUGGEST;MISUNDERSTAND
UNUSUAL;SOUTH
PEPPERONI;ALCOHOL
DISCOMFORT;KLUTZ
ACE;LENGTH
BEHAVIOR;BRAVERY
RESTAURANT;MAN
CRY;CALM
DEATH;CABIN
TOOLS;GARDEN
CLIPPERS;CLIMATE
FANTASTIC;SKINNY
BAN;ITALIAN
RIDE;MODERN
CONCERN;WORKER
REPENTANCE;POINT
COPY;THUMB
BROOK;QUEEN
ADD;LION
NEVER;SON
MISCHIEF;TRY
CAUTION;ARMY
WEDDING;DIRECT
METER;HONOR
CHINA;STAIRS
WHERE;BABY
EYE;STAR
DISC;DISAGREEMENT
SMOOTH;PATH
EXECUTIVE;STRONG
GRAIN;EMPLOYER
SECOND;STOVE
TOP;BOARD
CREVICE;SILK
VINE;PARTS
SUBURB;NEAR
CARAVAN;OBSTACLE
FOOLISH;PLUS
LATIN;AGAINST
FIBER;FOREIGN
PRESENT;PICTURE
HATCH;TICKET
ATHLETIC;MOVIE
GYM;TRAILER
CAUTIOUS;COME
REPUBLICAN;CONSERVATIVE
CLIMAX;FLORIDA
PLASTIC;OPEN
GAG;FOG
URGE;BIBLE
MONOTONOUS;STRAW
BALLOON;LEGEND
ORCHID;CHALK
SHOVE;EGYPT
UPDATE;UNDERSTAND
MAGICIAN;IT
GENTLE;VEIN
FRATERNITY;PROBLEM
VIVID;YES
HOPELESS;ALRIGHT
BOILED;PICK
INCOME;DATE
ADVERSARY;WIDE
EMPIRE;ENTER
TRUCE;SIMPLE
FURY;MAJOR
YEARLY;BREAK
REJECT;BORED
RECORD;TURN
PUBLIC;WIN
DEFINITION;OFF
SAYING;EXTROVERT
VANILLA;CHECK
TOILET;GREED
BELOW;ROAD
GRAB;RIVER
VICTOR;CRAZY
CLERK;METAL
THRESHOLD;MAIL
HOUND;CITY
GIFT;WHO
GRAFT;LOBSTER
UNIVERSITY;DESCEND
BELIEF;LOW
GATHERING;SUNSET
MAT;SPICE
PEAR;SUCCEED
EFFORT;WORKOUT
EXPRESS;QUIET
SEAT;CABINET
FLAP;MAYBE
FORT;APRIL
FINISH;BROTHER
POOR;DINOSAUR
FROSTED;CROWD
REPRODUCE;FACE
CLOTHES;WORLD
DUST;AREA
WILDERNESS;PREJUDICE
MATURE;DISAPPEAR
THINK;BUCKET
SHRINK;WINE
SAMPLE;MURDERER
PERSONALITY;WEST
CONTEMPORARY;TAN
EMPLOYMENT;REACTION
BLOUSE;HAIR
HEAD;HUNGER
CUPBOARD;PULL
CODE;POLITICS
LANE;SMOKE
DESK;CAT
REMINISCENCE;COAT
HOE;DOLL
ARMOR;CHANCE
LOOSEN;RENT
TENSE;BOOK
STIR;IGNORE
TEARS;WOMAN
NEWSPAPER;HAVE
GLOVES;MONSTER
WEDNESDAY;MOTEL
GIRAFFE;JELLY
TRAIL;MINOR
CHRIST;ON
WIPE;TUPPERWARE
JUNIOR;LATE
KING;SELLER
TELL;PURPLE
COMMUNITY;DEPENDABLE
MARY;LAWN
HUSTLE;FALL
CONTRACTOR;HELP
PRODUCT;COUNTRY
SAFARI;BEHIND
CAVITY;INSANE
SUCK;THREE
STAIN;ARTIST
FEDERAL;GONE
MATTER;BOXER
PLUMBER;SOUND
FIN;CARPET
ATHLETE;DRESS
SISTER;HULA
EXIST;ROOM
DANDELION;DESTROY
GAME;FLOWER
ASSIGNMENT;PRIDE
SCOOP;GRAPH
ROTTEN;LISTEN
HARVEST;WRONG
DINNER;BEARD
BROAD;SURGERY
MORON;SLIPPERY
NICKEL;SHORT
COMPACT;TWO
SUNNY;COMPUTER
SKINNY;PIZZA
DEPENDENT;OCEAN
FOSSIL;MACHINE
CARDINAL;TAIL
MCDONALD'S;WORRY
TEASE;ASSISTANT
SALESMAN;TENT
GRAMMAR;BLUSH
VEST;HANDS
SECURITY;THERE
FAR;BEDROOM
OCTOPUS;EXTINCT
TODAY;MESSY
OFFICIAL;CEREAL
NEIGHBORHOOD;FRIGHTENED
DEAF;GRILL
GAMBLE;STAIR
SIGHT;INDOORS
INTERESTING;OBSESSION
INSTRUCT;MOTION
WEAR;EXACT
CUCUMBER;TEA
SQUID;STREAM
LUGGAGE;EXPLODE
BASEMENT;TILE
GEOLOGY;SECURITY
DRACULA;FRANKENSTEIN
COUSIN;REPTILE
MARINES;FAST
MIST;NORMAL
TART;WELCOME
AWAY;GRAPE
PERCENT;ODD
TREND;WIRE
COOKBOOK;NOVEL
FORM;LAW
GENERAL;CAR
TRADE;ACTION
HANDS;SORROW
SHATTER;BOMB
ACTOR;COLOR
GROW;FEW
SCARE;JAIL
READY;THIRSTY
COURAGE;QUICK
BOXER;ANNOYING
SAUSAGE;FRONT
SUPERVISOR;SNOW
TRANQUIL;HERE
NOSE;DRUG
ATTEND;APPLE
TORTURE;ANGRY
CRANE;CONSTRUCTION
HARP;SENTENCE
DOORWAY;DO
DOWNSTAIRS;IN
GUILTY;PAINTING
BEND;TELEPHONE
HANDKERCHIEF;SAW
MALT;STUPID
GOOD;WATER
TREASURE;ARGUE
COMBINE;IRREGULAR
GANGSTER;FOREST
MIDDLE;ALONE
JUMPY;CACTUS
FOUR;ACTRESS
DAGGER;PERFECT
OFFENSE;PILL
PHONE;WHEN
CANVAS;AWARD
CONVERSATION;LEATHER
INTERIOR;SPOT
CLARINET;SOFT
CONCEPT;PUZZLE
CHAIR;COFFEE
TOES;SQUIRREL
SATIN;ENEMY
FACTOR;DICTIONARY
CHIMPANZEE;SNAKE
CONDITIONER;FOOTBALL
PRODUCER;MULTIPLY
STEWARDESS;EAST
MAFIA;SPILL
MICE;PASS
FRIENDS;FAD
CAFFEINE;PICKLES
SPRING;NEWTON
CEILING;RED
BONE;SHAMPOO
PISSED;UPSTAIRS
PHYSIOLOGY;SPECIFIC
MUSTACHE;DOLPHIN
VALENTINE;ADDITION
CAMERA;CLAY
LINE;PEACH
CHAOS;BAG
SURE;STEAL
LOOSE;SHINE
TELEVISION;TREES
UNEQUAL;CABINET
CLAM;FLAKES
ENVIRONMENT;LEAVES
KANGAROO;SHALLOW
POPULATION;SWORD
ELECTRICIAN;SIMILAR
CON;FUN
MILLION;ILLEGAL
HEADBAND;BRICK
CONVICT;MORE
ENTRANCE;BUSH
SAVE;CONFESS
HEAT;CHILDREN
MUSIC;WILLING
ZEBRA;VANISH
OPENER;CHEAT
ASSAULT;EXAMPLE
CELLO;LOT
BANDAID;HONEST
OXYGEN;WRITE
CROSS;ASS
ATOMIC;CRAB
REALITY;TASTY
BUSH;CLUE
ALLOW;SEVEN
PROFESSIONAL;BEGIN
BUSY;TAXI
TOYS;FIVE
BIRTH;TEN
SELFISH;DIVE
UNDERGROUND;GUARD
IN;INFERIOR
LEAVES;TOAST
EYEBALL;SLY
LOVING;SIGN
FLYING;PERSONALITY
POSSIBLE;CASTLE
OBJECT;BACKWARD
BEAUTY;ME
BOWLING;FLOWERS
COUPLE;CHRISTMAS
LOW;BREATHE
HUE;DIFFERENT
PERSUADE;WAR
AHEAD;ARMOR
STEPS;GUILT
WOOL;KNOW
MOW;RUN
FIT;LOAD
GROCERY;COWBOY
LUBRICATE;EYES
SMOKY;REEF
TRICK;EGGS
LUCK;MAZE
PERCEPTION;VALUES
APART;MIX
TOUR;LOVE
STUDY;CATHOLIC
INITIAL;PLANETS
CROCHET;SEX
TWIST;TREAT
YOUNG;KETCHUP
TWILIGHT;BEING
PIG;RADIO
FORESIGHT;SECRETARY
RAZOR;WEATHER
EXAMPLE;BLEACH
HORNET;DRIVE
SEA;TEARS
COLUMN;HALLWAY
OVEN;SAD
LEVEL;HUG
BENEFIT;IDEA
HELP;FUNNY
CANE;DILL
MODERN;ROSES
CONQUEST;FRIES
TULIP;POETRY
BROCCOLI;GIFT
CHOOSE;MONKEY
INTAKE;ADVENTURE
COMPLIMENT;BRAVE
AGRICULTURE;CARRY
ALONE;MOVEMENT
TOMATO;OUT
NATION;TREE
JUSTICE;ROSE
UNDECIDED;VACATION
RIGHTS;STATION
CHISEL;CLIMB
MULE;BRITAIN
NO;ADVICE
CASE;LID
UNCOMMON;COLOGNE
STEAK;FICTION
OUNCE;HEADACHE
KILL;CHEMISTRY
TAN;CODE
AGREEMENT;HIGH
FOE;APE
ANISETTE;CHAIR
NOUN;NEVER
DROWN;PLANT
COMPONENT;APARTMENT
WATCH;PLANE
SIDEWALK;TEACH
BIRTHDAY;HILL
STALL;SATIN
NOTE;KNIGHT
DISOWN;PATIENT
BLOT;EARTH
DOWNTOWN;LEAF
COLONEL;WORDS
ENTRY;SHEEP
ATTIRE;HIP
SPEED;FASHION
HOSTAGE;HEART
MAROON;TROUBLE
WALL;FURNITURE
OPERATION;VALUABLE
JOURNAL;HAMBURGER
GUEST;AIR
INCLINE;TIRED
SMELL;POSITIVE
LIBERTY;BATHROOM
YARN;REFRIGERATOR
END;STRIPE
PASS;JOGGER
UMBRELLA;SORORITY
GROVE;DATA
LEAST;BATH
FROWN;TASTE
SILLY;SOAP
BECOME;SEARCH
CONTEXT;NEED
MATE;TOES
TALK;RABBIT
ROOMMATE;BLUE
BATHROOM;THREAD
MAGAZINE;SPINE
LIVE;NONE
OINTMENT;STONE
BLOCKS;CAVE
DIAMETER;RATTLE
SCALE;TUMBLE
DATE;RAW
NOTEBOOK;BROCCOLI
FRIGHT;GEORGE
MINOR;SHARP
LION;RELIGION
TABLET;WARM
IDENTIFICATIO;VOLCANO
CABINET;PUSH
POPCORN;SLAVE
GUN;MEANING
GRAVY;EXHALE
BLOOM;FUNGUS
WINGS;STRESS
STUMP;BILLY
BLOOD;RULES
LAWN;CRUNCHY
MANY;CONCRETE
HEALTHY;EASY
MOB;ART
STREAM;KEEP
DECORATION;FATHER
COPIER;WHINE
FABRIC;SMASH
FOGGY;WEAR
SALE;GUILTY
REPRIMAND;GIRLS
KNEES;EVEN
TOSS;BUILDER
DISGRACE;JUNGLE
TECHNOLOGY;DREAM
FUMES;OFTEN
FRIENDLINESS;PEN
PLEDGE;MARKER
MUSCLE;RUDE
JOCK;ACCEPT
HAMMOCK;UNFAIR
UNDERWEAR;GIRL
STEAL;ISLAND
CLOSE;PRIEST
CAMP;HOUND
BEEF;BUG
LAW;COW
KETTLE;DANCER
POEM;STAPLE
AROMA;LEADER
PREDATOR;CONTINENT
MINIMUM;UNEMPLOYMENT
REVOLUTION;FAIR
CIRCLE;WIMP
TWIG;CRACK
MYTHOLOGY;PERFUME
ATOM;SHY
MUMMY;DAILY
ROOM;TROPHY
SECRET;ORGANIZE
PSYCHOLOGY;HURRICANE
METHODIST;FAINT
SCARCITY;NEIGHBORHOOD
BRITANNICA;FRANCE
POTTERY;KNEE
SAND;BOAT
VAN;BEND
SOOTHE;FLAG
GLOBE;MILK
SCAPEGOAT;BUILDING
SAP;TOGETHER
CANDIDATE;BED
CARNIVAL;TOOTHBRUSH
PEST;COKE
KNEEL;HOURS
FORTUNE;FALSE
DUSK;BEFORE
PRODUCTION;PRINCE
MOTION;DEFENSE
THEOREM;FORTUNE
ACHIEVEMENT;OYSTER
SOCK;BEAST
GRACEFUL;EAR
STORM;ASHTRAY
POUR;POT
CREATOR;FOOD
RESPECT;COMMUNISM
NAIL;DOE
NORM;MIRROR
PICK;CARROT
DESERT;PRISONER
COCKY;WET
COMMENT;ZONE
FIG;WEIGHT
PHYSICIAN;SWEET
MINERAL;DEAD
RAIN;SHOELACE
PATTERN;TOUCH
CRAZY;LETTER
ANNIHILATE;PARENT
SHAPE;SMILE
ARCHITECT;EYE
CREATION;WAITER
IDIOT;SAME
COMPETITION;BEE
MARCH;LAWYER
ASIA;RICH
BEDROOM;AIRPLANE
ENEMY;RIP
PUSHY;CHAOS
ABNORMAL;TIGHTEN
GUYS;QUESTIONS
SUN;ZIT
STACK;WAIT
EIGHT;HORSE
DROWSY;CAB
BAR;HUNTER
RARE;THIRST
LIGHTHEADED;OIL
APPROVAL;PAVEMENT
ROOF;DIARY
CAKE;CANS
DESIGNER;BORING
TRICYCLE;UNDER
BIT;OCTOPUS
SACK;CLAM
CUT;STRENGTH
DISTURB;CLUB
WIFE;ALIVE
FAIL;HOUSE
ZEST;SPORTS
LINT;CHEST
SUPPORT;CHIP
POPEYE;SHOOT
UNIT;SHIRT
LODGE;VINE
PORK;BELIEF
SUDS;DIRTY
COUNTY;SHOWER
JEWISH;PRISON
ASLEEP;WORM
RAPE;ORGASM
BLUES;PROOF
LINK;ATTACK
MAJORITY;BITE
BANKER;ENGLAND
MORALS;BUFFALO
BATHTUB;MONTHLY
CITY;VOMIT
MAGNET;SYSTEM
CORD;DANCE
SCOTCH;WHALE
TOUCH;FINISH
VACATE;MIND
AXON;KNIT
LATE;THINK
ASPIRIN;DEODORANT
ARTIST;BOX
NEWS;GOVERNMENT
THUNDER;DONE
POKER;FIRST
GRANDPA;ASSUME
UPTIGHT;PATIENCE
SALAD;FRAGILE
SAILOR;CHOCOLATE
CHANNEL;MINE
SLICK;DOG
WEEKLY;FOG
LAUNDRY;REFEREE
SEEK;HAY
SCARF;TURN
FORGET;BASKET
MEADOW;WAY
EARRING;OVEN
BAY;GRADUATION
MINT;YARD
BOOKBAG;PEOPLE
STOMACH;PROTECTION
PRO;AGREEMENT
APPEAL;CROOKED
VOMIT;CITY
PHYSICS;PICKET
PIKE;NAIL
THING;RIBS
ADVENTUROUS;ADOLESCENT
FURTHER;LIBERTY
FAITHFUL;RELATIONSHIP
HONESTY;MOUSE
ADDICT;MOB
FLUFFY;CONFUSION
SNOOZE;THOUSAND
INNOCENT;PREJUDICE
NECKLACE;HAMMER
PROPERTY;FLOP
HUNG;DIRECTIONS
QUEST;COUCH
BACKWARD;SILK
GUILT;RIDE
BEGGAR;POLISH
BRANDY;EXPLOSION
NUTS;NEWS
OVERFLOW;ITALIAN
RAW;KILL
KNIGHT;THROW
BRICK;LAWSUIT
FOAM;ENERGY
DRUGS;SWAMP
MEMORY;RULE
CHAMPION;PENNY
ASH;CURTAINS
FAMINE;HOMELESS
MEDAL;WALL
ORE;NEAR
SACRED;CLOWN
DENY;STORAGE
ALL;TOWEL
CENTER;OPENING
OWNER;FOREIGN
COACH;JESUS
PLEASE;WHOLE
CHEERLEADER;ROCK
PORTRAY;NEUTRON
FOUNTAIN;SEA
AIR;MURDER
OPPORTUNITY;MODERN
SELL;ROUGH
FRIAR;SHOES
GUARD;EXCITED
STATE;QUIET
DULL;DIRT
RAM;MAKE
COMMITTEE;LOUD
LETTUCE;ASLEEP
QUART;RICE
PRICE;WRITING
DEAD;LOBSTER
COUGAR;REMEMBER
PLUSH;TIGER
OPENING;REPEAT
DAWN;FORGIVE
UPSTREAM;MURDERER
RUNNER;BICYCLE
HITCHHIKE;STOMACH
CRAWL;STING
CARROT;ELEPHANT
SPLINTER;OKAY
INSIGHT;SUN
UP;RENT
ELEVATOR;LOTS
PLANNING;HAPPY
VALUABLE;TABLE
CRITICAL;LOOK
ANGLE;ONCE
JOG;KNIFE
MAN;WOMEN
VERSE;THUMB
EARTHQUAKE;MOVIE
TORCH;LOSER
PROOF;LEDGE
INSTANT;BIG
SOMETIMES;TRICK
FLOUR;NO
MOSS;GLUE
DISSIMILAR;SUPPER
COWARD;RIVER
CUSTARD;RACE
SERVICE;STACK
PICKLE;SWEAR
CAB;GEOMETRY
PROPRIETOR;THAW
ANOTHER;SILLY
SORRY;TOWN
TEENAGER;BACK
LOAN;WIMP
VACANCY;BELIEVE
FLORIDA;HEAT
DINOSAUR;READ
CONVINCE;COMFORTABLE
UNDERSTAND;KNIT
DONE;SPEECH
GAL;DESTRUCTION
MULTIPLY;DON'T
SEPARATE;LEFT
MONTH;CLOCK
LOYAL;THING
PICTURE;DRIVING
BURST;GUM
GRIZZLY;SNOB
VILLAIN;SYMPATHY
SIX;MEET
AGAINST;TIME
VESSEL;FUDGE
TWICE;HORSE
GRIEF;POUND
STARCH;AUSTRALIA
AMOUNT;PAST
TRENCH;ORDER
GRIND;PURSE
ORNAMENT;SHOVE
CARTON;SPINACH
LEGEND;WEDDING
PLAYTHING;AWARE
MOP;CREATOR
BUYER;ORGANIZE
HARE;GET
DIAL;PUNISHMENT
FUND;PRISON
SEAFOOD;PEACE
TERM;DEFINITON
STRIKE;NOTHING
BORDER;DOLLARS
PLAID;SOCKET
TRACTOR;ARMS
QUILT;HEAD
SIDE;BITE
SLENDER;FOUR
MUFFIN;NECKLACE
CONCLUDE;STREET
DEMOCRACY;ARM
REFRAIN;FOLLOWER
FLUID;WHINE
SURVEY;IMMATURE
OFFICER;BALLET
SCULPTURE;FLOAT
ADDITION;THUNDER
NUN;TAX
OFFEND;MUSIC
TESTIFY;CLAM
WHEEL;INSURANCE
CABIN;FAMILY
WORSE;HOG
LABEL;STORY
FINAL;SUPERMAN
INTENSITY;WEIRD
HUMAN;SHIRT
HOTEL;PAVEMENT
BREED;DIARY
FIELD;YELLOW
RAT;STIFF
SPOTLESS;POT
DARING;GHOST
HARM;SMUDGE
ANNOY;CRACK
FRAIL;MISTAKE
SUGGESTION;STORM
AUTHORITY;PRINT
SLAB;BROTHERS
RIDER;LADDER
TON;ACT
POINT;SPOON
CHUNK;CHRIST
PUKE;TERRIBLE
EXTRAVAGANT;CLOTHES
APPEARANCE;LINE
THIEF;BOX
CAP;DISH
SUBTLE;MUD
SOW;BLAME
CANDY;ALLOW
KILLER;FOOD
CHINESE;BREAD
GOAT;MASSAGE
STRATEGY;SEPARATE
ALCOHOL;STICKY
ENGAGE;CONDOM
BOTTLE;ZOO
OFF;PAPER
GARBAGE;READY
RETAIN;DRUGS
COMPLICATED;TEAM
LEGION;WHEELCHAIR
DOVE;FIGHTER
RUNNING;CALCULATE
PROVISION;ABANDON
SOLUTION;ENCOURAGE
OLIGARCHY;PART
IDENTITY;REASON
BRAT;SPEAK
COAST;ACTOR
EINSTEIN;CIGARETTE
CHEF;DONKEY
PATIO;ELEVATOR
BEAUTIFUL;STILL
CABBAGE;PEANUT
VOTE;TROUBLE
STEREOTYPE;VIRGIN
CONSCIOUS;RABBIT
SIP;KING
JAWS;STRIPE
DETAIL;AWAKE
BRING;ANSWER
TACK;GREAT
TRUTHFUL;LEAF
ABOVE;PROPERTY
RING;SOPRANO
RELATIVITY;BREAKFAST
QUALITY;CHARACTERISTIC
HEROIN;ABUSE
LINGERIE;ATTIC
DELICIOUS;GLASSES
BOARD;PERSON
TURN;SAY
STIMULUS;MONK
BLANKET;WHY
COMPOUND;JEANS
FREEZER;REFRIGERATOR
INVENTOR;SELL
SUPERIOR;TALL
GATE;EMOTION
WALKWAY;HEAR
PICKLES;SEXY
BUDGET;POTATO
CASUAL;CON
HERB;SUCCESS
COFFEE;LIFE
ROD;NOVICE
BRAND;CALL
LOYALTY;CARRY
HUSBAND;PERIOD
TRAUMA;HOME
DRESSING;HONESTY
TOMB;CAVE
GREEK;CAN
HEIGHT;ANNOY
PENDULUM;WHAT
ENTERTAINMENT;OFFICE
MINUTES;LONELY
OLD;VALUE
HAIRCUT;LAND
PERISH;DRINK
INTEGRATE;HARD
AIRPLANE;COMMUNIST
CRICKET;BETTER
COP;AGAIN
GRASS;STRAIGHT
MAJOR;HOLY
VISIT;FIX
MOST;ANNUALLY
INFERNO;LAST
BREAK;NATURE
CHANCE;BOW
PAN;STRAP
ACCURATE;FISH
COMEDY;FINGER
UNCOOKED;GIFT
SYSTEM;BEER
SOIL;MARRY
RENT;THREAD
BROKEN;LUGGAGE
SENATOR;ROCKS
IMPRESSION;HONEST
SLUG;DEFEAT
RIP;AGE
ASPHALT;SISTER
DIRECTION;GEEK
CENTURY;ELECT
MAGNIFY;TRADE
COMPASS;SPRING
REEF;APART
BISON;YEAR
JELLY;SPANISH
ADDICTION;POKER
PROCESS;BEG
SLAY;SCHEDULE
SECRETIVE;FENCE
STICKER;CLEAN
STRAIGHT;AFRICA
BLUR;DIME
JAIL;ALUMINUM
SASH;SUBTRACT
BOLT;MATERIAL
SPRINKLE;LIE
KID;TELL
PLAIN;UNCLEAR
GUESS;NOSE
EASTER;NOISE
ADVANCE;GARBAGE
ANGRY;GAMBLE
CLIMATE;NONE
CULTURE;QUESTION
DUPLICATE;TRUE
HYGIENE;QUACK
WHEAT;YOU
FUN;POEM
RADIATOR;SISTER
HAY;BREATHE
HALF;CHOOSE
STOVE;SHAPE
WRINKLE;TRY
DONATION;POSITIVE
WOMEN;BANK
FOUNDATION;VIEW
RUSSIA;CONCEITED
YES;RAW
REFEREE;BATH
SOUP;MONSTER
DENSE;TABLE
ABSURD;SATIN
VEGETABLE;COAT
CIRCUMSTANCE;RULER
GENE;CLOSED
NUMBER;PENCIL
FROG;TALL
ANIMAL;SUBTRACT
SHOULDER;ANKLE
CHURCH;WHITE
LID;BIRD
CHILD;DOTS
BUMPS;GIVE
ANCESTOR;MINUS
CRITICIZE;FAIL
DIVISION;BEAUTIFUL
OBLIGATION;SCHOOL
HOTTER;VEGETABLES
SURGEON;TRAILER
PHRASE;CHARACTERISTIC
UNIFORM;SHOP
OUT;CUP
INSTINCT;FOOT
MOUNTAIN;SITUATION
OVERVIEW;AWAY
CONGRESS;COVER
SOBER;BORED
DIVIDE;GOOD
OUTLET;ATTEMPT
SUPPOSE;TUMBLE
THIGH;PEPPER
BOIL;HAPPY
RUBBER;PAIN
SILK;CIRCLE
SNUGGLE;BLUE
TAX;SAMPLE
GRIP;SALE
GOVERNOR;GREEN
BOWL;PROTECT
TOY;CHAIN
EXCITED;SHIP
SECURE;MAID
SEASONING;DEFINITION
OBSERVE;DEAF
JUNGLE;PAN
CAREFUL;CEREMONY
EARLY;PROTECTION
IMMEDIATE;SAUCER
JUVENILE;SHEETS
NURSE;HIGH
WOOD;DILL
LONELY;KISS
CONTRACT;BAT
SOFTBALL;WORLD
PADDLE;PERIOD
KNITTING;LEAVE
COMPONENTS;COP
SPRAIN;LIKE
ADVISE;KITCHEN
CAUSE;THURSDAY
GO;NEWS
BRUNETTE;ENGLISH
WAREHOUSE;SCIENTIST
WINDOW;OWL
PATTY;FLOWER
COOL;LAKE
FLY;GOLD
CHEAT;WEAR
LAWYER;GLOVES
COVERED;FOOTBALL
HIP;COCAINE
STILL;SIMILAR
TOW;GOVERNMENT
OKAY;ZERO
GHOUL;TRIP
PLAYGROUND;GUM
HIDDEN;UNUSUAL
USUAL;STEEL
SHELF;EVEN
DEADLY;SALT
POCKETBOOK;NEWSPAPER
CATTLE;SELLER
STAPLER;SELF
SURFACE;PEOPLE
LOUD;JUMP
RUG;SPOILED
FRUSTRATION;MOST
OBSTACLE;ROBBERY
LOST;ALLIGATOR
DICE;BACKPACK
LATCH;MOTORCYCLE
CAPACITY;ERUPT
CHEMISTRY;BODY
CAULIFLOWER;SCARE
PART;STAPLE
PASTURE;HOG
NOTHING;HAT
TRAMP;HOMEWORK
PRINCE;NAVY
DEVELOPMENT;CABINET
BEAT;JACKET
DOLL;POLICE
WED;IDIOT
GRADUATION;SEE
BACK;ENEMY
SORORITY;CLEAR
BOUILLON;SHARK
JOURNEY;DIE
DIG;FOX
ORDINARY;SWING
STUMBLE;LET
NERVE;BEAR
VOLCANO;BASE
RELATIVE;BALLET
CARESS;PURPLE
PRICELESS;SLIPPERY
FUNGI;HOTEL
FORCE;SUMMER
QUACK;TEAR
SUGAR;LAW
AROUND;BUFFALO
BURGLARY;BASEBALL
CLENCH;BED
HAVOC;MIXTURE
CANAL;HURRICANE
PAIR;OPERATION
TAME;PLATE
BURIAL;REFUSE
MUTE;SWALLOW
CLEANING;HARVEST
EAGLE;WASHER
COWGIRL;RHYME
CHAPEL;JUNGLE
BULLET;NEWTON
DEPEND;STRENGTH
START;PRINCESS
BALLOT;BIOLOGY
PRAYER;OCTOPUS
THUNDER;LIGHTENING
GANG;FEET
BUFFALO;GUITAR
BUBBLE;CHAOS
SHORTS;SQUARE
IRRITATING;HOLD
CURE;ABANDON
PROTEIN;ACCUSE
IRON;PLAIN
MEDIEVAL;ART
THICK;INSURANCE
COUGH;NOW
CRATER;HELL
GLASSES;HALL
FAN;SKIN
TICKET;BELOW
POWDER;MILK
BACKBONE;THIN
FASCISM;GOD
HAIR;HULA
WATERFALL;BUILDER
GRAVITY;HANDS
FORMULA;UPSTAIRS
BRANCH;PICKLES
OBOE;SEPARATE
CONNECT;HOLE
FINISHED;QUART
CELLAR;HAIR
ROCKET;HEALTHY
CELERY;STAY
THOUGHT;STOMACH
STOCK;LAWSUIT
CHEMIST;WOOL
PANTS;GRADUATION
JERK;PRESENT
SEMESTER;MOLD
SHIELD;CRAFTS
RODENT;FLIRT
ALRIGHT;OKAY
BREAST;ELECT
QUARTER;ASIA
BEAM;SAY
NOTICE;STRING
MINUTE;VISION
TYPE;SWAMP
SWAP;BOYS
LEOPARD;YES
KITCHEN;ISLAND
ENRAGE;UNDERSTAND
FIGURE;UGLY
BALL;GLORY
YOUTH;RIGHTS
WELCOME;FLY
FURRY;ATOM
ALTO;GROUND
GALLOP;EGYPT
NETWORK;STRAP
RIOT;SMALL
THIN;RUN
WALNUT;WHO
BUTTON;DOLL
NUCLEAR;CHANCE
STRIPES;CHEMISTRY
VENT;LOSER
TENSION;DRY
SOFA;CHICKEN
KNOT;HOOP
SUB;NEEDLE
BRITTLE;BOARD
RADISH;CALL
MELLOW;SOUP
STY;KNIGHT
SUMMIT;DESTROY
HARDY;EARTHQUAKE
ELF;WRITING
HELIUM;ELECTRICITY
PETROLEUM;YEAR
FLICK;PICTURE
SNOB;CORAL
ENERGY;DRIP
BENT;BELT
CONTINENT;BONE
PIN;FIRE
LAST;VIRGIN
MEND;EGGS
HONEY;GEORGE
APATHETIC;LIAR
CLAIM;PERSUADE
PITY;VALUABLE
STRONG;NARROW
PARDON;SOPRANO
SALT;TEACHER
APATHY;SCIENCE
MICROPHONE;PANCAKES
GUITAR;MEN
FEVER;DRAW
FRILL;VERB
SINCE;BUBBLE
REPLY;LOG
CHIPS;MOVEMENT
MOVIE;HUNGER
POLE;GAME
EDUCATION;CHEW
HILL;DEVIL
REFLECTION;ACHE
COMBINATION;LOAD
ESTEEM;SANTA
DEPUTY;STACK
VICE;BLEACH
VASELINE;LION
DAILY;BLOOD
MONDAY;VEGETABLE
HIKE;ANGEL
SWIMMER;RIBS
TUESDAY;BASKETBALL
ENVY;JOGGER
TANK;BUMP
MORTGAGE;TOY
VISION;WALKWAY
GYMNAST;WEATHER
HOLE;PATH
FILE;FRAME
SATAN;KILL
TRUIMPH;STRAWBERRY
SHRIMP;COW
WIN;FAST
VIOLIN;HURT
CHARM;WOLF
OUCH;GO
UNHAPPY;KNEE
ROOSTER;DOLLARS
SIBLING;SHAKE
CRITERION;COMPACT
LEGAL;GRAPH
TRAITOR;EXPLAIN
WORD;HOURS
CORRIDOR;EVIDENCE
SHIVER;IMMATURE
CREAM;LINE
FLOOR;LOOKS
MAPLE;WONDER
YOLK;SNEEZE
HAYSTACK;GRAVE
CAPTURE;BUSY
FIRE;OXYGEN
COKE;THANKS
POND;DARK
CUB;HOSPITAL
ATTEMPT;FLOAT
HOLD;STICKY
DISASTER;NAME
WEAK;EXTINCT
LIQUID;RIGHT
DRIVEWAY;SURGERY
GLANDS;IRON
CYCLONE;CAUTIOUS
FLING;BEDROOM
SPAN;FOREST
ATTORNEY;WALK
PHASE;LETTERS
AWE;VIOLIN
PREMISES;MOON
TWISTER;CONCRETE
UNSOLVED;BEHIND
FRAUD;UNDER
FALL;SHOVEL
DEVELOP;DOUGHNUT
PORT;GRANDMA
BECAUSE;SUGAR
DEPTH;GRASS
CHALKBOARD;BRANCH
LAUGH;ICE
VIOLENCE;GRASP
SPONGE;MONTHLY
LOSS;BOOTS
POCKET;THERE
DRACULA;GLASS
OVER;WIRE
BREAKABLE;INDIAN
BORING;CAUSE
CROCODILE;MALL
LEADERSHIP;CLOTHES
HAIRSPRAY;CLIFF
SQUARE;BOMB
FRAGRANCE;CONGRESS
APE;ALL
BOXING;KIND
REVENGE;CRIME
MONSTER;CANCER
THREAT;AFRICA
COMPUTER;POOR
BURGLAR;SECOND
ASTROLOGY;GROSS
SHEET;DOLPHIN
CERAMICS;BLONDE
INVALID;FEW
SNAP;ENVIRONMENT
LIT;OBJECT
SLOB;FILM
SAPPHIRE;AUNT
PLAQUE;STEAL
SNEAK;SICK
MEDIUM;SOFT
PIOUS;SECRET
FAD;REAL
CEMETERY;NECK
THRONE;MAD
ERUPT;EXAMPLE
QUANTITY;MESSY
EMERGENCY;IRRITATING
PERCH;FOR
EMPLOYMENT;UNEMPLOYMENT
UNLOAD;RICH
PITCHER;GIRLS
BARGAIN;YELL
PEOPLE;THEN
SUNSET;TITLE
ROPE;VIRTUE
TREATMENT;EIGHT
CHORUS;TOOTHPASTE
SELF;CLASS
LEAD;ORDER
SPOILED;CLOUDY
SHORTCAKE;WAGON
CREW;START
ASTEROID;AWARE
HAT;ILLEGAL
PERSONAL;CHEST
DISALLOW;LATER
HANDLE;HER
NOON;PLACE
ARIGHT;FOLD
NUMBERS;COOK
OBSCURE;ASSISTANT
CAMEL;COFFEE
DETERMINE;CONSTRUCTION
NONE;FULL
BLEND;ASHTRAY
BOW;CHURCH
POLYESTER;FRIGHT
SOLID;QUESTIONS
MAKE;WAR
ICE;AMERICAN
STYLE;FAMILY
NAUSEOUS;PILL
SUM;ACCUSE
FASHION;TREES
BULLETIN;STAGE
SCREAM;BASE
TASTY;SCARED
SURGERY;HALL
ICE;AMERICA
LIBEL;GLOVES
DISSOLVE;PYRAMID
SUBSTANCE;LEGS
PLAZA;TWELVE
HOME;TALK
BOUND;REEL
BUILDING;NORMAL
BOUNDARY;FLUTE
REPUBLIC;DISEASE
OYSTER;SHAMPOO
BELT;DEODORANT
SUBJECT;VOMIT
ACCOUNT;BAG
EARNESTNESS;RIDICULOUS
BORROW;ENDING
IRREGULAR;PLATE
DINER;CUT
FOLD;TERRIBLE
CHILDREN;SUPERIOR
GIRLFRIEND;DUCK
BARREL;MEAT
IVY;HUSBAND
GANDER;LET
EVICT;DESK
EVER;FRUIT
DISHONEST;CAR
BULLOCK;RARE
MEASUREMENT;WEAVE
LOG;ATTACK
LOUNGE;HELP
UNITED;AMOUNT
LESS;FOX
CROPS;WORRY
HUSK;PHONE
REARRANGE;CEREAL
HORRIBLE;PEANUT
LEARN;PEPSI
QUIZ;DAGGER
PLUS;JUMP
COOK;ARROGANT
CLEVER;FAD
LEAK;CON
SWAN;MACHINE
MONTHLY;KEEP
SPEED;STOP
HONEST;NAIL
PLUG;SPINACH
LICENSE;SWING
ANNUAL;STREAM
BIRTHDAY;TEN
DISPLAY;LITTLE
CORPORAL;PRINCESS
ROBE;MOST
PATH;SOCKET
PAPERCLIP;WINNER
CHOICE;FRANKENSTEIN
NOVEL;PART
HURT;LIGHTNING
HIDE;DINNER
LAWSUIT;LAWN
DISH;BEG
DINE;ONCE
MEANING;DEFINITON
MALL;LAKE
BELL;ARMY
STRIP;COURSE
DITCH;CONCERT
ANTIQUE;FACE
SHRUB;JUDGE
FLESH;PEPPER
AGE;HELPER
STUDENT;JEANS
LITERATURE;RULER
CREATURE;RELIGION
SHELL;GARDEN
CROWD;RADIO
OLYMPICS;BICYCLE
SWEATER;ASSUME
FITNESS;SAUCER
VEER;BETTER
ROAST;CATS
COMMUNICATION;WHY
BANANA;SHE
HEADING;BELL
DIRT;MANY
PLEAD;ITEM
SHAVE;SUPPER
CURSIVE;DROP
DATA;LUNCH
ILLNESS;TEACH
ETIQUETTE;WHEAT
EXCEPTIONAL;PEAK
MORSE;GUN
SEAT;LIFE
ORIGINATE;DANGER
ATTENDANCE;FARM
SEW;FLORIDA
INSTANCE;JESUS
PROUD;TREAT
VIVID;BEGIN
SNEEZE;NAKED
ONION;UNCLEAR
BAIT;CARE
CRAFTS;SEXY
TOE;RIDE
INTOXICATE;ATTEMPT
CROOK;STAFF
CEREAL;UNCLE
OBTAIN;WARM
AMBULANCE;SCISSORS
UNDER;CABIN
TRAIT;BUILD
ANNOYING;DISAPPEAR
MORAL;FAKE
LANGUAGE;AWAY
PATIENT;ME
DEMI;CORN
BRAKE;BIRD
BEAN;LAYER
BREAKFAST;QUEEN
HERD;GREED
PADDY;FLOWER
LOTS;JOKE
SLY;NOTE
SCREW;PROTECT
SOCKET;ABNORMAL
SYMPHONY;CODE
DRIP;GIVE
CLOSING;PACKAGE
INDEPENDENT;CRIME
GROSS;WHERE
DILIGENCE;SMILE
TOTAL;ZONE
CREASE;INDOORS
TUMOR;BAD
PIT;ROCKET
LEDGE;THEN
SOCIETY;EIGHT
MARSH;EXCUSE
HANGER;COLOR
MANUFACTURER;SWEET
TANGY;STRICT
ENGINE;WEIGHT
CAR;SALAD
DIFFER;HOSPITAL
PRANK;CRY
PALE;ARGUE
PRISONER;MARRIAGE
DRAGON;INDEPENDENT
RUMOR;NEURON
PLUTO;DEFENSE
DISORDER;TIME
WIDE;BOOK
RHYTHM;OUTDOORS
SLUM;FUN
ITCH;YOUNG
DIFFICULTY;SHOOT
EXERCISE;PROM
HUG;LOOKS
PUBERTY;DARING
SALES;WHEN
RESEARCH;EXPENSIVE
KEY;WEB
GROUNDS;GLASS
ALRIGHT;FOLD
HIM;VIRTUE
TELLER;SWEAT
MESSAGE;HURT
BLADE;IRON
HERE;ENLARGE
CLOUD;SECOND
LEADER;FEAR
SAUCER;DECIDE
ADORABLE;TANTRUM
STOLEN;FILM
FRIENDSHIP;TILE
ENJOY;CLAY
JEWEL;SERVICE
CHIME;BLONDE
REMOVE;COURT
FAUCET;AROUND
VISITOR;PLAN
COLT;SHOVEL
BREEZEWAY;GROW
JOBLESS;UNEMPLOYMENT
MARS;AVERAGE
PASTRY;COUGH
CONSTITUTION;CALCULATE
CEMENT;ANXIETY
GLIDE;BEEF
METEOR;BROTHERS
VICTIM;DEPENDABLE
SAINT;STATE
SNACK;ORGASM
BASKET;DRIVER
LONDON;TITLE
VIOLENT;ELEVATOR
REAL;SPINE
ORCHESTRA;WET
BLAME;PRIVATE
REAPPEAR;ALERT
WEIGHTS;BEARD
UNJUST;POOR
CEMETARY;NECK
SEATBELT;STRAW
DEFEND;BALLOON
HUT;JANE
ROW;LONELY
SUFFOCATE;WOMEN
LIST;HIT
TUNNEL;ELEPHANT
ARMS;TASTE
ANCIENT;SIGHT
PLATE;STAY
LUMBER;TORNADO
PLATES;TART
SCHEME;ATTIC
SLEIGH;CHOICE
BRUISE;WORKER
PASSAGE;POISON
RAINY;PLEDGE
THICK;PICTURE
BOG;WIFE
CRESCENT;GOOSE
TRIUMPH;STRAWBERRY
MISSILE;DUST
REFRESHING;ARGUMENT
SQUEAK;HEAR
RESPONSIBLE;THROW
UMPIRE;PUKE
COLESLAW;MOUSE
ROAM;HEALTHY
SWORD;BATHROOM
AIM;PRESIDENT
RITUAL;CUDDLE
FINGERS;CROWD
COOLER;BITCH
FAITH;PICK
TUTU;APRIL
ANTIDOTE;DAM
SLURP;CENTER
PROMISE;MAGIC
COSTUME;STRING
SOMETHING;TUESDAY
PROSE;PLUG
GENEROUS;DISC
ARROW;MAKER
BROWN;SONG
SEDATIVE;FREEDOM
WHITE;STORE
FOND;DESERT
YEARS;NURSE
BUILDER;OKAY
BURY;ELECTRICITY
CHROMOSOMES;FENCE
SCOLD;SLIDE
WICKER;HAND
INJECTION;BLANKET
MAGGOT;WALKWAY
MEAT;KING
SOAP;GROUND
MINE;PARK
SLING;CUTE
DIFFERENCE;KIDNAP
COZY;YELLOW
EXCHANGE;ANGER
POLICEMAN;WINE
PIE;RELATIVE
HALT;DEATH
CAPABILITY;WINTER
CONCLUSION;SMELL
GULL;DEPENDENT
GOURMET;CORN
BEARD;ARROW
FOREVER;TEST
CONDEMN;BUMP
HEAL;TOOL
SQUINT;MOTHER
VAIN;DEEP
NOMAD;RELATIVE
BELLY;DROP
SUBTRACT;MEN
LAP;EMBARRASS
DEPARTMENT;DEATH
HUNGRY;SHOP
SUCCESS;FIND
ATTENTION;JOB
DISLIKE;SAND
BUD;CANDY
MEASURE;CORAL
LIVER;FORWARD
TERM;ANKLE
SNOT;GRAB
EVALUATE;NONE
PRAISE;COMFORTABLE
VICTORY;BLANKET
FEED;COOL
LAGOON;SANDWICH
MINK;SLIDE
UNSEEN;SLEEP
MORE;NOODLES
TOUCHDOWN;SCISSORS
ATLAS;TAKE
SOLO;COURSE
CONVENT;BEGINNER
OBJECTIVE;GREEN
FAVORITE;COTTON
NOTIFY;ENGLISH
SWATTER;DRIP
WEAVE;MOUTH
DECAY;PURPOSE
INSECURE;TONIC
CONFUSE;MISUNDERSTAND
AGREEMENT;DISAGREEMENT
HE;DISHES
VENUS;CURE
EFFECT;GROUP
KIDNEY;TAG
MUG;AMUSE
REBEL;PERSUADE
INABILITY;GROCERIES
CLICK;WHOLE
KNIFE;SKI
CRADLE;STRESS
FRIDAY;MANNERS
DILEMMA;CURTAINS
QUILL;PUBLIC
WORST;MINUS
SPHINX;FOLDER
MAILMAN;DISAGREE
INSIDE;BABY
MEDICINE;COWBOY
CALL;ADOLESCENT
INFLUENCE;GLORY
ATTRACTIVE;PARENT
PLIERS;COMPANY
VIKING;CEREMONY
TEMPLE;ROTTEN
BOY;SYMPATHY
BURDEN;PROM
FAKE;FAR
VIOLET;TOOTHPASTE
MAXIMUM;CAMERA
IMAGE;AVERAGE
TORN;APPLE
POOL;STEEL
MOIST;PLAN
MAMMAL;WEEKEND
BELIEVE;MILE
DIAGRAM;MINOR
LENS;CLOSING
CRAFT;IN
TOURIST;LEMON
SPREAD;GRASP
PREPARE;CHEAP
VEAL;DIE
HUNGER;HALLWAY
TENOR;CANCER
REPUBLICAN;SICK
PIECE;BUSINESS
DRUNK;STAMP
SYNOPSIS;DAD
VARIETY;EMPIRE
LEAF;ADD
EVACUATE;SHOE
ODD;BASEBALL
BILLBOARD;PUDDING
LASTING;BUTTERFLY
CONSCIENCE;TRIP
SAFE;DRIVER
POP;PROMISE
DESCENT;MOON
NEGATIVE;MIRROR
DISTINCT;ALERT
HELMET;SHOPPING
HEALTH;SENATE
CAREER;PEPSI
CELCIUS;AFTER
WRIST;LANGUAGE
ANXIETY;GOO
SUPER;ALONE
APPRAISE;EMPTY
FROSTING;FINISHED
DEGREE;COLD
AUNT;SOMETHING
COMMUNITY;NEIGHBORHOOD
PREFER;TWO
NOVICE;LADY
TIGHT;CREATE
ASSISTANT;SMOOTH
ABDOMEN;TEAR
ANTEATER;RING
ENDLESS;ASIA
LETTER;STEAK
TEAM;NAKED
PEN;WEAK
ROCK;BIKE
EXPENSIVE;SHAVE
MANNER;OLD
JEALOUSY;RIGHTS
CONE;WOMEN
BEGINNER;DULL
WARNING;COP
SHOP;LOSE
CLIFF;ANGEL
CORK;STATES
ENGLISH;STORE
INTOXICATED;PIECE
REACH;VEGETABLE
BOUQUET;FRATERNITY
CAPE;AMBULANCE
CHEAP;AUTO
FIVE;HUNGRY
SCALPEL;ACCOUNT
DUMP;NEGATIVE
DRAG;ROT
CHESS;FOOT
TAG;WEDNESDAY
COLD;COVER
TASK;HALLOWEEN
CUSHION;HURRY
SPICY;SPRING
CONTENT;EGG
HINGE;ALRIGHT
TEMPERATURE;HOMELESS
HOSTESS;DAYS
ACCUMULATE;BROKEN
PLATFORM;LIBERTY
FADE;SEVEN
REEL;RATTLE
ENOUGH;BLACK
KINETIC;ONION
PERIOD;DECISION
SPOTS;DIME
FELT;CRAFTS
ASSOCIATE;LOOSE
INSANE;BUILD
FLEA;BOW
DRUG;DEFINITION
ELIMINATION;ORANGE
WITCH;APOLOGY
BEAVER;RAIN
ACCOMPLISHED;FANTASY
GUMS;RESTAURANT
CONFLICT;TENNIS
DELINQUENT;MAP
SADDLE;BOYS
HUMILIATE;SMART
CORNBEEF;TANTRUM
AGENCY;BRACELET
INCREASE;NAVY
FIGHT;LACE
WHEN;SHELL
SHEETS;RHYME
REMOVER;DISEASE
GRACE;FOLD
SEEM;GANDER
RATIONALIZE;LOCK
SHOOT;HORN
CLOCKWISE;BAD
CORRECT;OWNER
FACULTY;MOUNTAIN
EQUAL;HOLD
KILOMETER;PRETTY
TUPPERWARE;CRIMINAL
BRAVE;TOP
BUY;DUSK
RETURN;ROBBERY
GONE;DUTY
EVEN;FOREVER
DRIVE;COUGH
SYMPATHY;SOUR
DISPERSE;ACTIVE
COBWEB;BARGAIN
ETHICS;FEELING
FESTIVAL;WEAVE
ADVERTISEMENT;GREAT
FUGITIVE;FIST
DOUGH;DRIVING
EXPERIMENT;SCRATCH
CENTRAL;LAWYER
COTTON;STATE
LICK;SECURE
DEMOCRAT;CAREFUL
EXCELLENT;LIGHTNING
MENTAL;CRACKLE
NAPKIN;CLASS
COURT;SPREAD
JAZZ;TALKING
COMMANDER;FEEL
SIREN;FRANKENSTEIN
RELIABLE;WATER
LIMOUSINE;FULL
CLOAK;TEMPLE
PEDAL;FOUND
SICK;STUDENT
OTTER;GHOST
THIRSTY;CONSTRUCTION
DISCOURAGE;FIELD
HAVE;GRAND
FANCY;AGREEMENT
LUNCH;GAS
WIT;ROUND
EXTINCT;YOUNG
SPAGHETTI;HINT
GLORY;DOLLAR
BRACES;STAGE
CRAYOLA;SKILL
SUMMER;MIDDLE
PLAYING;CARROT
ISSUE;CELL
PAGE;LATER
PUT;BEAST
DOE;MEET
SLOPE;NUN
INDUSTRY;LUCK
MINTS;ENLARGE
FEEBLE;WILD
PILLOW;SALAD
CURVE;BEAT
WILL;DRAIN
OODLES;MAGAZINE
APOLOGY;WIN
SPIN;DARING
PRESENCE;FEAR
VACUUM;EXIT
CANYON;ELECTRIC
SOOT;MAD
WHY;THANKS
GRADUATE;SEW
PRESMISES;MOON
CATASTROPHE;GOAL
GEORGE;EXPERIMENT
CORPORATION;LAMB
MEDIOCRE;ERUPT
POET;FAT
MASK;NECK
ANGEL;FASHION
POST;CRAYON
DECOMPOSE;LARGE
BEST;CAKE
SPLIT;OPERATION
INVENT;TEETH
SNAKE;BAND
DIGNITY;CARING
INDOORS;DIVIDE
FILTHY;COCAINE
BLUFF;KEEPER
ALTER;DEER
HARSH;RAT
ROYAL;EVIDENCE
COCOON;SPIDER
COMMA;REFUSE
WRAP;FEMALE
FLU;POISON
FLEET;HOSTESS
DECISION;CABBAGE
MISS;THEORY
DISCREET;BASIC
FREEZER;BAT
SURROUNDINGS;BALL
ROMANCE;CENTER
TILL;LAYER
CANVASS;FAILURE
LUNG;RELATIONSHIP
OATH;CAN'T
MOTIONLESS;ANT
TITLE;STRAWBERRY
DOORBELL;NIGHT
HIVE;RUG
SALTINE;MUSTACHE
TUNA;SHOT
ANTLERS;DISGUSTING
HYPER;PIG
TRACE;CONSERVATIVE
SPARE;WOOL
LEGISLATURE;WANDER
CHRISTMAS;SKY
INTENT;RELAX
GIN;SOCIETY
ALBUM;LESS
EMPLOYEE;COLLEGE
DELICATE;ONE
WASTE;EMERGENCY
ASHES;SUPERIOR
CORAL;WASHINGTON
ILL;DOUGHNUT
DOZEN;JUVENILE
SHOW;CLIPPER
HYDROGEN;WORST
ATTIC;GROWTH
DEMON;DIAMOND
JESUS;PLAY
DECIDE;AMOUNT
COYOTE;HIDDEN
SWING;HUNDRED
GULP;SHOCK
INNOCENCE;FROG
GLASS;SAVE
SEE;DARK
KNAPSACK;BOY
LASH;KIDS
MASTERY;NERVOUS
PENNY;STOP
FOOL;ZERO
HIKER;RECIPE
THRIFT;HEAVEN
CYLINDER;FLOOR
STREET;HEALTH
HANDSOME;MARKET
SURVIVE;TOMATO
STRAND;UNFAIR
BADGE;BOYFRIEND
MYSTERY;EAT
LAPEL;SEEK
BRAVERY;BUM
THROAT;CASH
FUEL;ABILITY
SIGN;TRUTH
SHARP;SING
BASE;HOLE
GALAXY;SWEAT
OUTCOME;RECORD
GRAY;CHARACTERISTIC
ELABORATE;SPORT
COLLEGE;JOURNEY
POPE;LIKE
MUTTON;FAITH
BAGEL;SALE
SCIENTIST;DIRECTION
GRAVE;PREVIEW
ADJECTIVE;BANK
SHRINE;CIRCUS
TOENAIL;SIX
LEG;DONE
FOG;SAFE
CONCENTRATE;VISION
IGLOO;MEAN
WELL;EARTHQUAKE
VEGETABLES;COUNTRY
ENTERTAIN;MIST
GREET;FRAME
DUNK;THIEF
SWEET;CHIEF
FLAT;DOWN
DISCIPLINE;SUNDAY
BOLD;NOTE
TANGERINE;MONEY
AUTUMN;PLANETS
GOO;ACHE
ELEPHANT;CUTE
STADIUM;CARD
TRUCK;SYSTEM
DIM;EARLY
CONSEQUENCE;FRIEND
MOTORCYCLE;KISS
CHECK;TIGHT
DRUG;DEFINITON
PRECIUOS;CROOKED
HUNDRED;PUSH
CRAB;SCARED
HOUSE;ELEVEN
TWIN;SHORT
REFREIGERATOR;OVEN
ACROBAT;JEWISH
RESORT;GIN
STORM;LIGHTENING
TUB;GUESS
VISTORY;WINNER
BROOM;MUSCLE
NAVE;OUTDOORS
ABSURB;SATIN
PITCHFORK;HELL
AGREEMENT;BIT
PALACE;KILLER
COURAGEOUS;DUMB
MONK;EXPENSIVE
HEEL;CRASH
ANALYSIS;MOM
BULLY;RUSSIA
ALLEGIANCE;SPOT
AMERICAN;GRANDMA
BLESS;WANT
HELPER;SHAME
PAY;TURTLE
ODDS;WASH
WASHCLOTH;ANXIETY
WEEKEND;FRONT
MEXICO;CONTROL
SWIFT;BAR
SCENT;COMMENT
SCIENCE;BRANCH
BREATHE;KNOWLEDGE
POETRY;BEAM
BLUNT;SUFFOCATE
HURRICANE;BUSY
AGENDA;ARROGANT
HURRY;BOSS
WINNER;JACKET
HEAR;IDIOT
LEFT;WASHER
MELT;ADJECTIVE
UNSURE;INCREASE
RELISH;SPEED
VIOLA;CUT
ESCALATOR;FOR
STATE;STATE
;STRENGTH
;STRAWBERRY
BLUSH;CLUE
TOOTHPASTE;FICTION
LACES;TOAST
TABLET;YES
CELSIUS;AFTER
;STRING
;STRAW
;STREET
WARRIOR;FICTION
LOOK;APOLOGY
EXCELLENT;LIGHTENING
CONFIDENCE;KNOWLEDGE
CAF;DINNER
GENIUS;WEATHER
DOVE;FICTION
SKILLET;DONKEY
BARRIER;HUNTER
WICKER;HILL
INCLINE;WEIRD
INTENSITY;WHALE
STRUCK;MUD
NAVE;INNOCENT
GULL;DITCH
CANVAS;PAINTING
LIGHTENING;PLANT
TONIC;STORAGE
LINE;WAITER
WISDOM;OWN
GENTLEMEN;LADY
;CHARACTERISTIC
;CHAOS
prime;target
HAASTIG;snel
MASSIEF;eik
PERFECT;super
KARWEI;werk
SERGEANT;majoor
VIJL;nagel
DYNAMIET;staaf
SLAAPZAK;tent
CURRY;saus
TRUI;kleding
WONDE;verband
ETMAAL;dag
ZOLEN;rubber
STREEK;gebied
KUS;smak
ONDERZOEK;studie
KERN;centraal
MAN;kerel
STEMMING;humeur
KOMPAS;westen
GEZWEL;kanker
STORM;orkaan
KIWI;limoen
ZOUT;peper
RIVIER;otter
FRAAI;knap
MOBIEL;bellen
ARCHIEF;rekken
DEEG;beslag
HOEKTAND;vampier
PIJP;tabak
GOKKEN;riskant
PACIFIST;vrede
NERTS;mantel
TRAUMA;letsel
KOORTS;griep
SCHILDER;verf
AARDIG;lief
POT;deksel
SCHIP;kajuit
PRIKKEN;naald
KRAAI;zwart
STOUT;braaf
WAPPEREN;vlag
MOS;groen
KOK;chef
LICHAAM;gestel
SEIN;bericht
DOLFIJN;haai
KLEUREN;felle
TONEEL;drama
NATIE;staat
AANLEG;talent
KONING;paleis
KOLOM;wervel
PRAKTISCH;handig
SLIM;verstand
JAS;warm
OLIFANT;giraf
VERLICHT;lamp
DAMMEN;spel
DURF;moed
BEDRIJF;firma
MENU;kaart
HOUTEN;plank
SPREEK;taal
VADER;papa
HAMSTER;knagen
HUMOR;grap
GITAAR;banjo
VLAAI;gebak
NAAM;persoon
KOREN;gewas
MEVROUW;dame
ZWEET;oksel
AANTAL;keer
GEEL;woestijn
CONFLICT;vete
PERZIK;mango
MEEUW;zwaluw
OPERA;zanger
THEATER;acteur
BUIGING;groet
BUS;metro
MOE;slap
SNOER;kabel
AKKER;ploeg
AARDBOL;wereld
KLAPPEN;applaus
LOKET;station
HONING;zoet
MUIS;rat
MUS;vliegen
LEEUW;tijger
BENEDEN;trap
GEZICHT;sproet
AREND;snavel
HOUDING;gedrag
BITTER;smaak
LIGGEN;zetel
EIGENDOM;bezit
MOMENT;fase
TOVEREN;spreuk
IEDER;elk
VOL;genoeg
RUIL;wissel
MOES;puree
TUCHT;straf
WIEL;spaak
ZEEHOND;walrus
SNEEUW;hagel
SOEP;lauw
REFREIN;lied
OORZAAK;gevolg
BALKON;terras
POLITIEK;debat
EEUW;jaar
VLUG;gauw
KAARS;vlam
BOEK;kaft
TOMAAT;garnaal
VIZIER;harnas
KORF;mand
BEER;panda
WILD;fazant
MIJTER;paus
HEMD;bloes
BEGRIP;term
VALK;klauwen
WOL;sjaal
BRUIN;oker
GAAR;rauw
TAFEL;meubels
GEWRICHT;knie
LUIPAARD;snel
HEVIG;felle
OVEN;warm
KWAST;verf
SCHAAK;spel
ZEDIG;braaf
BEELDIG;knap
LAF;moed
ARBEID;werk
OOG;naald
STUNT;riskant
LEREN;studie
SLA;groen
KOLONEL;majoor
VACCIN;griep
REGIO;gebied
MIDDEN;centraal
BAAS;chef
ZIEKTE;kanker
WINDHOOS;orkaan
METALEN;staaf
ROET;zwart
MIXEN;beslag
KAMPEREN;tent
KOMEDIE;drama
DIALECT;taal
ROKEN;tabak
KRUIDIG;peper
BONT;mantel
LAND;staat
DIER;giraf
GEWOND;letsel
BROEK;kleding
GAST;kerel
KLUSSEN;handig
VIN;haai
LIGGING;kaart
BREIN;verstand
PRIMA;super
OUDERS;papa
ELASTIEK;rubber
DUIF;vrede
GENIE;talent
TELEFOON;bellen
DUIM;nagel
KNOFLOOK;vampier
KASTEEL;paleis
SCHEEL;otter
ZUID;westen
HUT;kajuit
SORBET;limoen
PIKANT;saus
BOTTEN;gestel
WEEK;dag
RUG;wervel
WIMPEL;vlag
GLOEIEN;lamp
SURFEN;plank
PLOF;smak
MELDING;bericht
GEMOED;humeur
POPULIER;eik
TEDER;lief
CAUSAAL;verband
WERKEN;firma
WINKEL;rekken
BOKAAL;deksel
TRAM;metro
PARKIET;zwaluw
TELEVISIE;kabel
BREIEN;sjaal
ALLEN;elk
BEIGE;oker
SOFA;zetel
LUCHT;vliegen
SCAMPI;garnaal
EIGEN;bezit
TEVEEL;genoeg
OESTERS;rauw
LEUNING;trap
HEER;dame
NOOIT;gauw
ZWAK;slap
BEVER;knagen
ROOFDIER;klauwen
AFKOELEN;lauw
TEAM;ploeg
STAMPPOT;puree
HAVIK;snavel
KALENDER;jaar
KARDINAAL;paus
ARGUMENT;debat
RIET;mand
PERIODE;fase
OCEAAN;walrus
LUCHTIG;gebak
ARTIEST;zanger
MALING;grap
SNAREN;banjo
DROOGTE;woestijn
GLOBAAL;wereld
ZANG;lied
SPOOR;wissel
ROK;bloes
PUBLIEK;applaus
ROL;acteur
TOORTS;vlam
WUIVEN;groet
VONNIS;straf
GEZEGDE;spreuk
WRANG;smaak
REGEN;hagel
MAAL;keer
PUIST;sproet
TREIN;station
MANIEREN;gedrag
BAMBOE;panda
KALKOEN;fazant
EFFECT;gevolg
ZAAIEN;gewas
SCHOUDER;oksel
KNAAGDIER;rat
WOORD;term
LUIFEL;terras
VENTIEL;spaak
OMSLAG;kaft
IEMAND;persoon
RIDDER;harnas
SUIKER;zoet
WROK;vete
STOEL;meubels
BEEN;knie
ANANAS;mango
JUNGLE;tijger
